# DeltaR_tautau    DeltaR_bb
1.245631 1.367201
1.374712 3.013374
2.658522 1.550251
2.216318 2.113305
1.340795 1.650456
0.866572 2.712890
1.003939 1.398638
4.379018 1.890473
1.526418 3.115223
1.021406 1.925227
2.710808 3.545237
2.783942 3.345489
2.265173 1.911619
1.072813 3.248716
2.969471 0.660658
1.729130 2.592947
2.487390 3.603290
1.702948 1.426366
3.106331 1.864867
3.092573 3.170037
1.958690 1.441966
0.755706 0.477043
2.294232 0.704682
2.385590 1.336085
1.807638 1.183216
1.622666 1.604499
1.213562 1.957048
0.929819 2.167300
2.121442 3.055667
1.674919 2.759644
1.980610 1.489643
1.483430 1.900040
2.211383 0.911035
2.101460 1.284757
3.177208 2.653067
2.861820 1.751870
1.285450 1.787188
2.189606 2.548248
1.426970 3.482661
2.593851 2.484305
2.329259 2.804271
1.424717 1.020558
2.078844 1.092059
1.062564 0.230399
0.996911 2.560118
2.274333 2.658716
1.844151 1.776528
1.877825 1.751650
1.813430 2.519862
2.030270 2.565365
2.483996 2.332646
2.462472 2.746097
1.137644 2.435331
1.699313 2.987917
3.232028 2.633404
1.486340 3.594672
3.414444 2.915916
1.623932 1.265137
2.542719 1.448929
1.289856 1.597646
2.922113 1.532389
2.237706 2.400695
2.103330 inf
1.104677 2.065803
3.244553 1.184170
0.660664 1.094196
2.379963 0.880623
2.297261 1.360134
3.142506 2.478624
2.455040 1.742389
3.062589 1.591998
1.822912 2.637190
3.066428 1.856804
2.065799 1.189043
1.201572 2.136739
1.290103 1.678928
1.488847 1.896194
1.847677 1.336582
2.851035 1.310911
1.711294 1.621543
2.769355 2.772973
3.126422 2.636393
2.621506 2.469697
3.372171 1.138289
1.104535 2.365009
2.417681 2.203676
2.354911 2.683100
2.226132 1.363023
1.265449 1.249842
2.992348 3.414175
0.597897 1.934430
1.964549 4.006261
1.412628 0.653816
1.834822 1.552477
2.224491 3.460243
2.034226 2.387857
3.452036 1.075447
2.012986 1.538593
2.104996 2.154657
1.865013 1.201061
1.356175 1.962476
2.737751 1.733589
2.853896 1.988638
2.603414 2.007180
3.031806 2.985042
2.058838 3.383215
2.401331 2.469565
2.242527 2.837740
0.894557 1.954287
1.175234 1.456768
1.794792 1.444904
1.534544 1.889955
2.254804 1.651200
1.040171 1.861150
3.108448 2.738224
3.321354 1.559456
1.814938 1.795540
1.946621 3.035553
2.247073 2.674661
2.209160 1.648014
1.699146 1.703205
2.654641 2.752521
1.429917 1.675942
2.921451 2.904834
1.430879 1.472945
0.983618 1.322102
1.009109 2.217016
1.961701 1.268521
2.398160 2.868326
1.785914 2.919959
1.587022 1.577556
1.338072 2.476714
0.834409 1.487964
3.138337 1.275287
2.443661 1.168423
2.980877 1.351827
4.329063 2.235637
2.861052 2.322117
3.206837 1.246863
1.541352 1.955579
0.444807 0.698775
1.101844 0.929695
1.122370 3.225883
2.409779 3.092357
1.231064 1.291641
2.955552 1.598240
1.855210 3.163898
1.880281 2.062558
1.802087 2.633608
1.607465 1.418537
1.597665 3.132981
2.518951 1.344267
1.789253 1.630570
2.026783 2.108661
2.621998 3.413637
1.568287 1.654805
2.599352 0.167329
2.905284 2.357351
1.480944 2.460765
1.500523 2.363976
1.308717 4.566023
1.295022 1.884837
2.519837 2.210983
2.194614 1.994951
2.524863 2.277274
3.112554 2.416672
2.671350 2.085907
3.059763 3.167197
2.653789 3.296197
1.635357 1.451183
2.661827 1.355095
2.565421 2.004438
2.929360 2.584827
3.446961 2.835677
1.584698 1.121980
2.501822 2.255719
1.597557 1.101628
1.066880 2.084885
2.711022 2.603191
1.909161 2.203726
2.583965 1.594259
2.335918 1.862376
1.919292 1.829188
0.508359 2.018031
0.679059 2.133636
1.736285 1.705151
2.781626 2.385607
2.827200 2.431553
2.913912 1.828719
1.117667 1.456602
1.340883 0.534703
1.993731 1.789752
1.255338 3.321422
2.112154 1.782541
2.457614 2.287115
3.003059 3.923082
1.904283 3.101088
0.472833 1.478729
1.276318 2.220289
2.090884 2.036646
2.349071 2.869530
2.708190 1.905163
2.029370 2.187356
1.892086 1.006446
3.051409 2.462326
1.363315 1.474636
2.420593 1.580425
1.937579 1.303701
3.030873 1.141376
1.143079 1.545407
2.851458 1.208199
2.400572 3.001423
2.506305 3.487059
2.759163 1.013234
1.231167 1.519216
3.175961 1.815950
2.069837 2.568134
2.071735 3.938360
2.615935 1.078215
1.318510 2.566814
3.084306 1.620212
1.326032 1.217047
0.806819 1.357739
2.872309 2.380446
1.142674 2.292669
1.597120 1.778423
1.056362 0.507000
2.500009 2.246725
1.271096 2.039105
1.966278 0.442075
2.654146 0.994156
1.456336 1.123023
1.903808 2.596225
2.133613 2.793255
2.598702 1.441700
1.810582 1.600841
2.607903 1.918055
0.570406 1.530237
2.347635 2.160570
4.131782 2.892038
1.667671 1.709512
3.851362 3.177358
1.578025 2.587388
0.953117 1.295168
0.790525 2.913042
1.655538 2.395319
1.878811 3.102414
1.454912 1.763705
2.228780 1.277513
1.887945 1.270689
1.933477 1.990609
2.906839 1.612463
2.838087 3.427488
1.311310 1.718724
1.614460 1.528062
1.986414 2.770818
3.351424 2.872277
1.914986 2.631657
1.682376 1.966473
1.826050 1.159479
1.816265 1.997133
1.486893 3.486162
1.931688 1.574287
2.253009 1.929769
1.722826 1.484958
3.724026 2.776254
2.010156 2.522708
0.807431 1.145009
1.289657 1.553012
2.023798 1.327908
1.189453 1.548961
1.277009 2.717050
1.666783 0.991151
1.182551 2.380398
2.777031 3.034192
1.964344 1.298269
1.222736 1.493962
1.587417 1.260509
1.556658 2.877114
2.466609 4.057636
1.035700 1.308280
1.522928 1.799101
3.181391 1.969737
0.926483 3.307542
0.704770 1.144303
3.080961 1.494577
2.541815 3.003145
3.281327 0.827653
1.558095 1.429374
2.829397 1.434921
2.628209 2.002646
1.520911 3.055334
1.404477 1.063244
2.799050 1.152915
1.856582 1.597630
2.166229 2.358490
1.395223 2.922205
2.524785 2.076966
2.696592 3.130718
0.838943 1.765462
2.848807 3.154987
1.517461 1.698314
1.557000 1.876617
3.097401 2.000739
1.819999 2.992408
2.703172 1.439182
2.444334 1.558768
2.729494 1.830575
1.611991 2.464049
1.936336 3.873292
1.825771 2.479096
2.095192 2.249065
1.400518 2.306948
3.184067 3.204371
2.383609 2.209634
1.913982 2.635718
1.149855 2.659959
1.691740 1.250470
2.882720 2.254792
3.096732 0.455567
2.558472 0.577771
1.328702 1.751003
2.423817 1.790691
2.701241 2.952023
1.738266 2.373760
1.354912 1.451033
3.126147 2.187467
2.800662 1.165877
4.033891 0.980220
1.664244 0.642463
1.638961 1.110587
2.862114 2.179523
1.427727 1.817918
1.906611 1.824276
3.357631 1.510990
3.405014 3.633874
1.029482 2.375407
2.577220 0.805905
1.399399 0.877805
0.449358 0.974228
1.274593 2.177291
3.055422 0.134067
0.885197 1.582826
1.457718 2.148034
0.693540 1.124419
0.930356 1.317188
1.049417 1.832300
1.321960 1.999091
2.749799 1.236357
0.481869 2.121852
1.205368 1.578425
2.251046 2.613245
1.517876 3.387239
2.107047 1.511577
2.951902 1.851951
1.172137 2.325325
2.048960 2.974411
0.858683 1.079341
3.175067 1.873989
2.498941 2.638944
1.467448 1.807818
2.303223 2.922136
3.572504 2.578995
1.588422 1.758644
2.399460 2.896712
3.724070 2.563125
1.690582 4.013811
1.759115 1.247725
1.652910 2.705669
1.165084 2.990527
2.859985 2.317004
2.150199 2.810692
1.743586 1.910806
1.580701 1.760712
2.788709 3.295305
2.198360 1.232415
2.956727 1.421368
3.361122 2.739516
1.113320 1.700765
2.194601 0.891754
2.596985 2.385280
1.639656 1.480780
1.692082 2.376695
1.339440 1.222306
1.917397 1.425153
1.690434 3.833234
2.103068 1.202063
1.473857 1.343978
3.115497 2.788462
2.508963 2.757177
1.174460 1.251985
0.930942 2.549248
2.253685 2.113445
2.779334 1.990415
2.329451 2.415455
0.821397 2.355950
1.975793 2.203526
1.672146 1.512641
1.197782 1.114108
1.376442 0.709365
3.150614 2.338408
1.340904 3.047858
1.217864 2.132686
3.180395 1.122347
2.401004 1.318572
1.155602 0.800905
1.756478 0.615596
1.537274 1.720745
1.639854 1.215776
0.995077 1.200076
1.544609 1.486806
1.085013 1.143489
2.578704 2.034119
1.074082 1.695871
2.097259 1.481591
2.093054 1.853258
2.630273 0.932858
4.066178 2.195864
1.165509 3.232172
1.279434 2.557017
1.011576 1.410860
1.184607 1.858208
1.324000 1.494686
2.830734 1.965001
2.017106 1.963934
1.865017 1.658131
3.556705 2.258468
2.569655 2.578498
4.817180 1.477021
0.585354 1.259959
2.507274 2.842964
3.944185 2.532089
0.966045 1.811502
1.719450 1.510769
2.186596 1.898116
3.120919 0.749879
2.199154 2.259752
1.049433 0.871139
1.623318 2.456307
1.528591 2.325904
2.107116 1.605697
3.013448 1.301252
1.200900 1.646502
2.801433 2.003125
3.292948 2.943849
1.163965 2.100537
3.092294 2.168888
3.620136 2.921630
1.546020 2.654804
3.663914 1.211436
1.894915 1.972002
2.697428 2.047977
2.302621 2.590989
1.828680 3.663587
3.151348 0.920928
1.137817 0.854800
1.910299 1.699966
1.612917 2.716389
1.275921 2.566182
1.533473 1.501092
2.667702 2.464735
1.343205 3.069291
1.493183 1.908121
2.316816 2.424726
2.813367 1.685860
2.191316 1.693658
1.618249 2.481258
2.173115 2.042780
2.097443 1.258590
3.364259 0.439051
0.897913 2.832816
1.570255 1.522633
1.884843 1.308130
1.432397 1.245544
2.977098 1.792074
2.290987 2.793138
3.177176 1.463012
1.948677 2.379848
2.273581 1.991533
2.066976 1.748832
2.599349 2.159459
1.590431 1.249884
1.800481 1.261132
1.440015 0.964599
2.095005 2.833869
2.188576 1.328105
1.525246 3.299288
2.505122 2.176819
1.085150 1.571825
2.955622 1.422510
3.527706 1.019269
1.584123 1.774136
1.522376 1.675835
1.903589 1.899193
1.335430 0.859574
3.178297 3.279561
1.369685 2.315463
2.309377 1.430653
1.569423 0.838210
1.512713 1.393290
0.794093 0.143966
3.113754 3.267389
1.859195 1.658472
1.139962 2.235630
1.001189 0.640075
2.682939 2.779455
2.828835 1.511106
2.750303 2.847415
0.849589 0.453194
2.529853 2.194093
1.758829 2.227495
2.637439 1.772467
3.074328 0.419304
1.750231 1.887210
1.673415 1.058636
2.885601 3.153412
1.283021 1.028774
3.015404 3.072236
2.089612 2.945040
2.495056 1.988500
1.230946 1.624569
2.800529 3.194583
3.748617 1.891704
1.961570 1.761640
1.922778 2.488960
2.084724 2.485046
1.760698 1.668124
2.139937 2.733053
2.248339 4.673986
2.365649 1.165177
2.205077 3.443994
1.359086 1.465253
1.318591 1.619571
1.647594 1.555844
3.062674 0.765247
1.061438 1.052449
2.179018 1.633605
1.510065 2.561299
1.628182 1.826730
3.134459 1.748924
2.098945 3.118213
1.948775 2.981093
1.837722 2.236475
2.952926 1.462072
2.568047 1.784137
3.193266 2.620159
1.915802 1.711066
2.025088 2.487979
1.675996 1.150430
2.348562 1.598361
1.543731 2.147048
3.265028 2.770232
2.247139 3.240723
1.462964 2.934330
1.449902 1.509905
2.004179 1.144891
1.203531 2.278489
1.418622 1.219772
1.973318 1.859311
2.423356 2.585994
1.089037 1.123368
2.286386 0.670436
2.765301 2.100278
2.666673 3.213550
1.093561 0.981433
2.628150 1.734808
1.402954 2.218014
2.279320 1.154807
1.419821 1.641663
1.712207 3.812196
2.290736 1.315267
2.613484 1.957514
2.571886 3.045917
2.596239 1.392347
1.207326 0.999430
1.463718 2.665746
3.126369 1.442838
2.659472 3.039700
2.946596 3.276866
1.139479 1.407636
1.086732 1.335405
3.058033 1.029943
3.070656 3.340142
2.256542 1.366917
2.499815 3.318721
1.068796 1.133071
1.745920 1.641350
2.826977 3.499131
1.768854 1.621300
1.168082 0.695048
3.789814 2.142492
1.426162 2.804650
2.553138 1.492930
3.352921 1.625335
1.737987 0.770906
1.826355 3.142636
1.981659 2.161274
2.250293 2.880198
2.620448 2.117281
1.394315 1.368224
3.275674 1.072209
0.984261 1.213653
1.561442 0.141802
1.798467 2.078832
3.123871 0.161309
2.490393 2.668359
2.002168 2.192853
3.307266 1.796810
1.781790 0.256214
1.103766 1.582566
3.068103 2.779002
2.442548 2.165703
1.178628 3.047175
1.489014 1.535037
2.628455 3.148026
2.737231 1.874675
2.199674 3.973553
1.486233 1.506550
2.848199 1.600734
1.010253 0.901922
3.468721 1.576747
1.865080 0.836427
0.680129 1.415203
3.835894 4.729494
0.916418 1.284721
2.932244 3.404705
2.257107 2.977163
1.180137 0.983611
2.303413 3.489247
2.065806 1.229260
2.803499 2.941561
2.718508 2.001109
0.902831 1.476542
1.048821 2.293495
0.873290 0.700120
2.816399 1.989672
1.741146 0.837084
3.331672 2.232925
3.451254 1.250543
2.012705 1.912866
1.651232 0.836209
2.699901 2.314218
2.973294 1.697302
1.990334 3.106264
3.604151 4.391622
2.253912 1.888729
3.302971 2.956792
2.731864 3.816834
2.156022 0.982439
1.855264 1.404139
2.150365 2.094033
1.564907 1.452089
2.976843 1.208137
2.588460 2.344777
1.580342 2.310311
0.878856 1.381547
1.512871 0.048519
3.133762 2.241317
0.792138 3.056129
1.684796 1.801627
1.785897 2.598227
2.355129 2.388394
2.382400 1.744629
2.527534 1.642647
1.563579 1.333991
2.478308 1.492242
1.829962 1.590917
1.228503 2.119027
2.608083 1.646354
1.650523 1.162549
1.569252 3.132930
3.151597 1.128462
2.880387 1.383531
1.644538 1.213105
1.755405 2.141108
1.885068 1.290529
2.256173 2.713289
2.334464 1.684371
4.029746 1.940162
2.247024 1.681612
4.487946 1.854490
1.807743 1.462785
1.057614 1.598975
1.213307 1.001766
3.141677 2.250550
1.414372 1.647529
1.293678 1.731849
1.311246 2.114085
1.400574 1.280426
3.126716 3.539365
2.448229 2.797424
1.867640 2.682442
1.150373 1.440565
1.958525 1.198852
1.814608 2.114933
1.772346 3.057686
1.414580 1.291360
2.019398 1.849243
2.572187 3.226829
1.414342 1.571336
2.086586 1.435120
2.747656 1.382784
2.011593 1.339402
1.842731 3.138731
2.289551 3.541415
2.326312 2.256125
1.574074 3.167346
2.042337 1.626626
1.142318 1.005113
1.559423 1.139839
1.840505 2.253602
3.551160 2.028258
1.281667 4.041113
2.367724 2.571588
1.661695 1.234263
1.880782 2.609277
0.924597 1.319525
0.939269 2.341525
1.620673 1.415672
2.175064 1.326519
1.811433 3.287433
1.325876 1.984346
0.528402 3.274938
0.977635 2.416278
1.929826 2.954941
1.802202 2.960999
4.448729 2.057619
0.915762 2.413412
2.293055 2.083242
2.565773 3.354343
1.267534 0.544326
1.115146 2.005174
1.435226 0.902317
3.832994 2.976646
1.819865 1.778485
1.197675 2.246164
1.201550 1.985020
4.307055 2.202974
2.004186 1.893997
1.344019 1.480032
2.696713 2.570975
2.073283 1.005623
2.913702 2.011790
2.352424 2.781144
1.012656 1.649933
1.851462 1.426930
2.406250 0.922589
3.128334 1.137482
2.205397 2.511432
2.000523 2.460539
1.728609 1.464552
1.581768 2.285155
2.086176 2.701174
1.692169 1.478507
1.500973 2.365534
0.564092 2.240827
1.679067 2.229114
1.621638 1.363975
1.111858 1.046559
0.938886 1.369769
2.337375 2.543367
1.395874 2.710534
1.326610 4.748507
1.470432 1.889788
2.095485 3.222187
1.677011 1.913592
1.862412 2.111789
1.500194 1.606595
2.444660 2.718099
1.427772 1.310843
1.786268 1.803708
0.914000 2.733371
1.441925 3.343971
2.572644 2.172491
2.509292 2.416591
2.186918 1.541801
2.511687 2.827135
0.821279 0.227133
2.122154 1.843379
1.450785 0.939444
3.062215 1.208879
1.537208 1.603337
2.639997 1.875662
2.416601 3.167274
1.044778 0.956579
0.998726 2.285095
1.217481 1.641803
1.955732 1.634423
2.631824 0.582322
1.910470 1.660723
2.066318 3.369354
1.175380 1.845467
1.248786 1.185535
2.567191 3.230928
1.088942 1.249037
1.637496 3.784308
2.436194 2.922869
2.240940 2.310438
1.854343 2.010016
1.779359 1.675928
1.220529 2.484854
1.587866 1.993683
1.294804 2.933461
2.246473 3.051683
2.474161 1.822520
1.549442 0.920037
3.249676 2.325531
2.742738 2.236638
1.526995 1.510837
1.263220 1.107473
2.014024 1.510038
2.703846 1.735656
2.433352 2.195292
1.186795 2.978914
1.589941 1.889797
2.695968 2.027603
1.783573 1.022176
2.145108 2.051695
2.897353 2.179088
1.918908 1.344805
1.098996 3.867682
1.298962 1.225767
1.552090 0.967898
2.649481 2.812676
1.691361 1.009285
1.925478 3.079801
0.393315 0.588221
1.387892 2.644644
2.066812 3.000443
2.061444 2.924299
3.790919 1.872484
2.257964 1.151529
1.412336 1.367870
1.621754 0.690992
1.256159 1.803030
1.996873 1.401430
1.547230 1.951553
2.395311 3.046626
0.429852 0.422327
1.480572 1.143652
1.129413 2.848220
2.949611 2.493217
1.232767 0.139918
1.407233 2.388365
1.774099 2.099751
0.825935 3.003369
2.685868 1.793166
2.245928 2.398472
1.949771 2.425867
1.839581 2.805739
1.198089 1.194070
1.519019 1.495311
3.427702 1.869851
2.066609 2.704450
3.325343 2.821518
1.912139 1.957987
2.164231 0.893435
2.205221 2.948772
1.637537 1.553599
2.104864 2.796754
1.027070 3.165121
0.929262 1.508039
2.140021 3.148696
2.808254 1.321285
1.442035 2.377151
1.092486 2.046461
2.266602 2.923622
1.831137 1.280774
2.078549 0.553092
1.596184 2.405023
3.335977 3.000066
1.637775 1.754361
2.748270 1.945194
5.058209 2.846602
1.993798 2.097495
1.434104 1.026276
1.922757 1.525898
1.928400 2.239531
1.019553 1.524685
1.690539 1.143436
1.751186 2.955250
2.188788 inf
1.570757 2.080136
2.844385 2.040009
2.659532 2.178379
2.868141 3.910659
2.531832 1.700733
0.574186 1.683753
3.526691 3.140950
2.618953 2.732813
2.703622 2.678129
2.674109 2.061474
2.471911 1.290600
1.707712 1.656429
3.467195 2.200347
1.539507 3.041832
3.072478 2.133991
1.878552 3.498952
1.698984 1.245613
2.445586 2.771942
2.929498 2.284675
1.457260 3.332014
1.142550 2.345980
3.100201 1.259789
3.460537 2.053420
1.679428 1.362646
1.614612 1.559476
0.963497 1.257664
2.144175 1.837040
1.263326 0.831050
3.221933 3.239115
1.149878 2.867978
1.125449 1.457783
0.792463 2.645699
3.098540 1.940446
1.433537 1.395518
1.113486 2.506179
2.802465 2.062100
2.165948 2.650930
1.102865 2.853270
1.939287 2.231561
1.566448 1.558577
1.842186 2.036919
1.708535 2.601127
3.092953 3.200366
2.714670 2.124363
1.785382 1.607593
1.921498 3.326257
3.475248 1.107255
2.141032 1.384043
2.517786 1.482087
2.640253 1.522925
2.380441 1.069567
3.240081 1.886021
3.128195 1.231172
1.896545 3.141255
1.898666 2.249817
2.105041 2.751838
3.071754 2.188555
4.131258 3.059174
2.983593 1.542051
1.798815 2.162274
2.611611 1.349311
2.134141 1.376962
3.937169 1.942798
1.899431 0.848967
1.240487 2.161188
3.560608 1.865992
1.441034 1.887673
0.733134 1.434960
2.053053 1.616860
1.720121 2.864739
2.420967 1.571071
1.428067 2.797673
1.907782 1.250113
2.666695 2.897330
1.310465 2.828727
1.710191 1.817186
1.310579 3.192975
1.210258 1.127896
1.609174 0.662921
2.294134 1.119461
1.011674 1.359552
2.805247 2.152804
2.069566 1.973703
1.153182 2.034384
2.514054 1.002586
2.260542 1.506036
2.425248 1.677098
2.352039 2.413002
2.387896 2.335939
2.697105 1.313579
1.692215 2.881365
2.495414 2.187216
1.907356 2.368509
3.148206 2.944875
1.971619 1.568663
1.328495 1.887625
1.153344 1.533134
2.124642 1.055689
3.164521 2.304661
1.531326 2.963662
2.108201 3.557331
3.032870 2.983054
1.733742 1.519340
2.023165 1.729427
2.412109 2.961385
3.219714 4.088086
2.129881 3.013247
1.211221 1.834709
2.280493 1.466163
2.041250 1.452362
1.729431 2.222409
1.758151 1.682163
1.684669 2.914907
2.638164 2.516405
2.204412 1.706649
3.056028 2.777835
2.209267 1.627920
1.729737 0.532260
3.266436 3.032625
1.375452 1.107456
2.330655 1.301278
3.509384 1.223736
3.056704 1.406342
1.767412 1.279920
1.502261 1.585155
1.602078 3.227833
2.350771 3.324284
1.959791 1.900092
1.585734 2.151922
3.327582 0.963777
2.203686 1.935079
0.869123 1.539238
2.874654 1.820376
1.991465 1.551800
1.325138 1.454530
2.471892 2.824527
1.647680 3.064293
1.745097 2.924337
2.193449 2.915127
1.448546 2.975488
1.668790 3.485714
3.566479 2.458062
2.161510 3.670339
2.017560 2.249190
1.633927 2.096563
2.328509 1.827441
1.795284 1.615731
1.316019 2.763168
1.527966 0.901950
1.629377 1.150730
1.440375 2.174131
2.627904 1.372158
1.557587 1.482239
3.131987 0.118854
3.089899 2.658966
1.632674 1.857958
2.911863 1.292951
0.934185 0.937113
1.990124 2.189662
1.291347 2.178176
1.203383 0.988785
1.532660 2.898589
2.828190 1.905085
1.373648 3.127609
1.377765 2.237082
1.178605 1.116079
0.913228 2.399643
3.156502 2.882700
1.820709 0.914433
1.527838 3.545183
1.429675 1.759490
1.989956 2.499274
2.381605 1.458004
1.489437 1.548622
1.562120 3.003769
2.819556 1.066028
2.754460 3.003700
1.354968 1.430575
3.540987 3.091275
1.963091 3.069848
1.537295 1.443348
1.705017 1.363516
1.818157 2.860187
2.077976 1.027282
2.453664 2.399479
1.659902 2.449933
1.073896 1.217723
2.826060 2.002877
2.012746 2.158397
3.003100 2.725539
3.041575 2.132660
1.050758 1.230691
1.311280 0.962404
1.814076 1.820794
2.448483 2.249816
1.623063 1.369081
1.709376 2.092803
1.754177 1.831225
2.485124 1.780005
2.713941 1.593557
0.851933 2.890857
1.708016 1.850702
2.570832 1.153104
1.051209 0.944169
1.184351 2.246320
1.596548 1.292433
2.409866 1.727218
2.246642 1.879997
0.976369 1.037799
3.228468 3.197592
1.341215 0.292318
5.233656 1.226853
1.896969 2.248065
1.354722 1.324893
1.440572 3.076552
2.903029 3.628688
2.492363 2.916641
1.667999 1.414178
2.555169 2.595757
2.819670 1.548773
2.740847 4.031348
2.067312 2.990113
2.181266 1.934970
1.671757 2.647108
1.441127 1.289359
2.061270 1.424125
2.612726 2.471820
1.274294 1.091552
0.771460 2.023303
1.361031 1.477753
1.612524 2.545301
2.542102 0.449519
2.397588 1.950930
1.528849 2.340069
3.445033 2.642988
2.631125 1.584882
1.455038 1.926870
1.368264 1.312903
2.468008 2.030117
3.050977 2.503702
1.369398 1.780364
2.752139 2.452559
3.101025 inf
2.517183 1.974948
2.351192 2.189953
2.867191 1.808113
4.344769 1.874307
1.540675 1.275829
2.644214 0.891359
2.590467 2.985000
1.371794 1.178645
0.965594 1.659182
2.121346 2.208422
0.864863 1.421087
1.521492 2.820161
1.938681 2.733187
2.743903 3.167025
2.142291 2.614112
1.619715 4.691271
2.343904 1.038779
2.933755 1.726318
0.905762 2.555714
1.548755 2.915136
2.211987 1.816656
1.104639 3.032063
2.489297 0.747668
3.037224 3.606440
1.708784 1.732019
0.783430 1.038462
0.586083 2.485355
3.001513 1.517811
3.012229 2.790223
1.456714 2.076933
2.404767 2.686818
2.248871 0.454449
3.188186 2.865283
2.481831 3.157679
1.024694 0.637998
2.129329 0.911896
3.462652 2.577558
2.256976 1.126771
1.385188 2.555080
2.742607 2.982700
2.037608 2.244743
1.767263 1.545123
2.114470 2.561102
2.815708 1.598661
2.080858 1.778323
1.662599 2.781754
0.921702 1.100366
2.084789 1.983492
3.206620 2.536273
2.466186 0.998692
1.039844 1.227770
1.953785 2.763215
1.575936 1.847758
1.368915 0.685488
2.124659 1.467837
2.028073 1.885776
3.020467 3.049749
1.830801 1.286558
1.454650 1.365756
2.221138 2.942272
1.092168 1.419339
1.152249 1.517934
1.174346 1.152487
1.965731 2.468728
1.690340 3.040013
1.035934 1.276656
1.127929 1.140594
1.074697 2.725697
3.120404 3.159418
1.243555 1.446261
2.659093 2.129039
2.491098 4.113580
2.087909 2.797363
1.689731 2.561029
2.017170 1.318360
1.271366 0.659411
1.110124 2.371819
1.499750 0.907192
1.075536 1.792032
0.830662 1.622512
1.867036 2.188187
3.142263 2.845286
1.527434 0.966099
3.154117 1.503929
2.222775 2.850874
1.476901 1.893185
2.508108 1.236515
2.456920 1.371291
1.214772 1.199536
2.596026 2.517089
1.489061 1.575532
1.969712 1.370094
1.966208 1.730904
1.958674 2.904133
1.627137 2.963065
1.362411 1.330445
3.630524 3.185575
1.083606 1.096964
1.661272 1.367163
2.432416 2.466314
1.390054 1.683676
0.977765 1.253062
1.546397 1.611798
2.768988 3.330400
1.277559 0.974234
1.204767 1.949247
1.489417 2.808900
0.932942 2.080036
2.639163 1.346121
0.498510 2.925893
1.889791 1.850291
2.180933 inf
3.931573 1.420033
1.191441 1.442937
3.189121 1.204586
3.294098 2.326510
1.476392 1.372968
1.452550 2.668227
1.415737 3.003417
1.389268 1.668420
2.439204 3.339947
2.980587 2.403661
1.459108 1.584614
2.639825 1.845815
2.865512 1.762761
3.274450 2.532261
2.423783 1.289028
2.624945 3.272769
1.587717 1.971504
2.289327 0.921066
1.276670 2.339717
0.989147 1.606372
1.714430 1.595764
1.389557 2.591121
1.855482 1.991297
1.176387 2.046652
2.981735 3.299139
2.884350 1.458948
1.248783 2.140661
3.402580 0.465905
1.879369 2.794705
1.703062 2.636120
1.738315 1.428696
2.012124 2.925578
1.035157 0.915039
2.520868 1.323113
1.435390 1.245983
1.759605 2.342449
0.634124 0.670378
2.763442 3.085146
3.082336 2.869795
2.736930 2.034206
1.028802 1.548243
1.048422 1.325562
2.984621 2.801009
3.094565 1.196104
2.977631 2.315762
2.589658 2.556667
0.950056 1.454439
1.684386 1.520503
1.024520 1.823533
3.383080 2.448017
2.156353 1.019151
1.344900 2.491680
1.929703 1.760474
1.729966 1.502144
1.224240 1.648842
1.869193 1.241522
0.944796 2.636316
0.448984 1.174149
1.600978 1.587295
0.966688 1.686965
2.473465 2.466327
1.576650 1.408884
2.474753 3.108766
1.524329 2.041999
1.678055 2.315844
1.919461 2.744198
2.233253 3.236193
3.510641 1.325157
1.322623 1.873520
3.373497 2.317205
1.053299 0.766529
1.163102 1.695133
1.170038 1.489313
0.935933 3.258059
2.515435 1.685634
0.858583 2.175353
1.374150 1.099884
2.158829 2.914047
1.998334 2.709463
1.707046 1.863809
1.655194 2.288273
2.146975 1.601480
1.481056 1.819400
1.983766 2.229201
3.098963 1.828200
3.265603 0.862840
1.863289 1.833168
3.077117 1.415732
3.069778 3.184110
1.864810 2.053901
2.316454 2.328859
3.574439 2.100777
1.492108 1.276170
0.475562 1.704316
1.585937 2.662468
1.949741 1.953036
0.955206 1.563763
1.589476 3.073701
1.250149 1.036529
2.028255 1.852537
2.182960 1.907789
2.460659 2.594106
1.539416 0.865380
1.156289 1.437629
1.961790 2.084062
3.187624 1.537429
1.357906 2.794261
1.784773 0.499970
1.368055 1.815253
2.639994 3.430935
2.569144 1.872898
2.001912 2.771721
3.383238 2.160042
1.583804 2.525563
3.535933 2.008633
2.510288 1.910966
2.236828 3.266554
1.841239 1.370870
1.129320 0.839103
1.526717 2.736238
3.236782 2.682548
1.453622 1.671359
2.869087 1.957131
1.363477 0.919531
3.805575 0.621894
3.046259 2.663546
1.929664 1.933307
1.513618 1.198230
2.039690 1.756666
2.508152 1.602002
1.433369 1.251919
3.329887 2.644129
1.514166 2.832476
2.991656 3.034329
1.660422 2.581657
0.945596 2.463824
2.512694 2.994610
1.679821 1.009322
1.342481 1.261419
2.409528 2.246224
3.679477 1.577357
2.302300 2.297193
3.927592 1.212667
1.423525 0.816659
2.374625 2.280755
1.402987 1.092755
1.978509 1.643082
1.411092 2.104896
0.488659 2.962418
2.611287 2.580896
2.035981 2.925593
2.940925 1.591893
1.145632 2.261292
3.616144 1.793812
1.195900 1.351786
2.016582 2.422945
1.023188 1.466359
3.375676 2.252423
3.533729 1.887920
3.654603 2.642920
2.263363 1.733898
2.223328 1.039698
2.975454 2.334351
4.953110 3.109243
1.174960 1.080737
2.712740 2.203569
2.646602 0.728614
1.520647 2.114018
2.103628 0.611931
1.696508 1.799735
3.677696 2.748851
1.545393 0.782636
3.321881 1.153933
2.370391 3.107733
1.193633 0.937463
2.038466 1.174365
1.774736 0.684551
2.632220 3.150055
3.266777 1.947665
2.171362 2.389533
1.315413 1.603448
2.831841 1.329472
2.659025 2.596718
2.338441 2.508822
1.253968 1.659077
3.364156 3.731122
2.467917 2.988960
2.563517 1.973957
2.028133 1.470894
3.339669 1.279697
2.066469 1.982059
2.019284 0.955061
1.893266 1.666920
2.025786 2.775482
1.913196 2.565025
1.469656 1.660824
1.128059 3.509369
1.154712 1.311575
2.393891 2.067736
1.730078 1.417263
1.557783 3.546950
1.387203 3.515756
1.521690 1.680350
3.331506 3.323116
2.488735 2.389570
1.642593 3.065137
1.566570 2.121443
0.897959 0.901153
0.901800 2.130724
0.999215 0.987981
2.018650 2.133834
1.852259 0.663521
1.946156 2.183444
4.977592 2.150345
1.849140 0.978888
1.837374 1.193301
1.855930 1.355708
1.711715 2.476337
2.086754 2.217515
1.371073 2.525958
2.888205 2.119010
0.309405 0.344781
2.038891 1.664427
1.916860 1.926699
2.438521 1.601478
1.791236 2.460415
2.213905 2.393109
2.119993 3.201425
2.121197 2.576391
0.602576 2.717177
1.686887 1.605764
2.025893 3.120271
1.352652 1.524330
2.925465 2.097187
0.957429 2.635370
1.921446 1.618474
1.106372 1.339338
1.759652 1.709991
1.063274 2.734211
2.847206 3.263897
2.254935 2.463533
1.654745 2.657622
3.319472 1.051654
1.736464 1.539581
1.264500 1.669756
1.993758 2.042288
2.278417 1.292967
2.685273 3.100774
1.508524 2.889970
3.147927 2.382092
2.431016 2.994239
1.675768 2.320434
0.768308 1.244815
1.243856 2.125281
1.338273 1.193882
1.511790 1.920706
1.931924 1.273146
1.833979 1.861168
1.102165 0.984343
1.644343 1.419059
1.244989 2.688997
1.611689 2.576578
1.575102 1.860319
2.262359 2.509728
2.251993 1.836913
2.403197 2.864749
0.570283 2.196432
1.712873 2.921236
1.678901 1.617617
1.340033 1.296692
2.095103 1.024447
1.183184 3.362686
2.513285 3.012746
1.695030 1.472297
1.301235 1.343408
2.760645 1.982578
0.839804 2.698087
3.129559 2.229815
1.752064 1.649159
1.633661 3.301931
1.624809 2.489341
1.554959 2.997767
2.897658 2.197565
1.119357 1.280334
2.179431 1.447914
2.029789 3.198228
1.659282 1.750297
1.629470 1.835788
3.046605 2.711192
1.453712 2.603328
2.527804 2.598161
1.956967 1.857548
2.219893 2.099861
1.816392 1.203303
1.464059 1.955405
1.385219 2.763190
2.306320 1.826973
2.236678 1.755924
1.675680 1.735341
2.361268 3.356927
2.884121 3.197130
1.304102 1.334320
2.128350 2.814635
1.346439 2.122072
1.373997 2.718984
3.311099 1.475540
1.413699 3.208092
1.532987 1.804579
4.051511 2.013916
1.579459 1.576466
3.247746 2.987683
2.219455 1.882189
2.583469 1.772771
2.793263 2.559225
2.713035 1.148904
2.063508 2.054359
1.446032 0.951270
2.418248 0.981391
3.731344 3.754099
1.841426 0.976961
3.119796 2.484607
1.273835 1.474461
1.034918 1.463621
1.418413 1.531738
2.727773 3.344138
2.631643 2.026193
1.857561 1.525787
1.758413 2.621716
3.506553 5.694838
1.684040 3.171303
1.441094 1.637265
1.488943 1.944441
1.728824 0.967440
1.700034 1.696724
1.945567 1.059897
2.512775 3.110352
1.420622 1.626247
2.451473 2.348105
2.466181 1.893513
1.855488 2.515665
2.089575 2.238061
2.683560 3.634247
3.149414 1.036501
2.415021 1.875119
3.184827 2.719388
4.588278 2.693064
1.081110 1.596251
1.806442 1.626467
1.059436 1.482654
1.317898 1.577004
1.892874 2.069735
1.567925 1.176414
1.915460 1.661813
0.637027 2.971130
1.491036 1.331771
1.776254 2.782381
2.221122 0.225702
1.911894 1.418387
1.557848 1.596170
1.738878 1.423401
2.641826 1.291983
1.802437 1.916694
1.965081 2.979719
3.051239 1.155155
1.631847 1.336488
1.755919 1.943376
2.153034 2.513267
2.852199 2.279589
1.975614 1.739189
2.993467 2.827589
0.884582 1.566540
2.328844 2.491772
1.372253 1.352427
1.134470 1.654197
2.046547 2.815555
2.701097 0.782652
1.373713 1.258109
2.115827 1.768039
2.280616 1.775531
2.387442 2.629310
2.816252 1.179002
2.268163 1.041014
3.217006 3.282783
1.147189 1.257930
1.427876 1.284316
1.293377 1.106074
1.464908 1.231443
0.957504 1.069181
1.536083 2.706053
2.045044 2.497160
1.365715 1.928245
2.341673 3.400711
1.512328 2.305457
3.483133 0.801013
2.157271 1.221433
1.175822 1.282373
1.371095 1.203599
4.404263 3.626732
1.773439 2.771920
1.497966 2.566192
2.031968 2.056054
1.165606 0.396886
2.217434 2.382783
1.430114 1.473384
1.669870 1.296349
3.272980 1.771257
3.671811 2.645024
1.461554 1.441655
2.191613 2.080270
2.286409 2.402959
1.947504 2.005250
2.424663 2.072572
2.420835 2.312064
1.741747 0.998581
1.619776 1.751436
3.014609 2.046800
3.993330 2.712675
2.623062 0.670171
3.159585 2.540770
3.155655 1.900758
2.064646 2.434423
2.780064 1.641766
1.260618 2.408370
1.344997 1.547374
0.986866 1.565437
1.522229 1.656904
2.096625 1.721330
5.121849 1.418705
1.879684 1.540100
3.452210 3.195826
1.452987 1.711100
0.553431 0.424789
3.297739 2.977246
2.527139 2.222219
1.359600 2.186719
1.938158 1.689707
2.953272 2.380487
2.994000 2.260124
2.572894 2.519613
1.393014 0.938196
1.197811 2.063776
1.094742 2.568231
2.085093 0.976445
2.568961 2.301561
2.923645 3.473427
0.872015 1.197747
2.419145 2.424115
1.358736 1.165936
1.494243 1.344822
2.339286 3.135847
2.037943 1.751989
2.679077 0.468906
2.687527 2.482889
1.823900 2.650784
1.573925 2.288592
2.773287 1.705387
3.183141 1.659777
2.568336 0.922794
2.764520 1.832077
2.399103 2.668817
2.610076 2.085352
1.140078 1.507357
1.056170 1.637458
3.281999 3.166017
0.780588 1.668460
2.423533 3.229332
2.042103 2.171911
0.829431 1.179218
0.885147 2.996397
2.792690 1.744497
2.154577 2.197049
1.176834 2.939712
1.431601 1.155838
1.995942 2.103818
1.638787 3.221177
1.105165 2.796720
3.143856 3.304668
1.779716 2.475478
1.160619 1.262938
2.414376 3.030982
1.054769 1.054371
1.818070 1.501117
1.317185 1.249711
0.188156 2.728274
1.529250 1.666081
2.165797 2.576671
0.693024 0.927342
1.301369 1.129845
0.488637 2.910730
3.076548 0.603995
3.264094 1.075430
2.004669 2.946400
1.511803 1.697055
2.271728 2.370615
2.131545 1.930933
0.572344 1.711679
1.465443 1.544288
2.992354 1.968207
2.934119 2.410273
2.770806 1.770229
1.218127 1.107989
2.304905 1.338725
0.741381 0.829634
1.631856 1.394718
2.653019 2.355969
1.371692 1.447033
2.478449 1.326364
2.543363 2.310876
0.967834 3.372824
2.770867 1.142402
1.614983 2.985847
1.018447 1.341837
1.665849 1.850394
2.300635 1.786481
2.340436 3.030179
1.435803 0.971119
2.800813 2.494413
3.310777 2.827152
2.153968 3.513517
1.737354 1.626910
2.221761 1.147042
1.529266 2.186004
2.228600 2.606529
1.617456 1.708799
1.616439 1.818700
1.840608 2.152989
1.856546 1.548801
2.362480 2.319916
0.829436 1.196848
2.515164 1.335472
2.618352 3.046380
2.252813 2.810802
1.838637 2.697356
2.581511 2.896189
0.547814 0.834401
1.425476 1.318058
0.518157 0.575491
2.565129 0.999850
1.348146 2.380562
2.165335 2.852232
2.939125 2.024748
1.606592 2.733432
1.113980 1.907079
1.566309 2.928747
3.177844 1.644997
2.278160 1.701145
1.742339 1.635413
3.030581 1.670761
0.511336 2.553764
1.247346 2.009849
2.333766 2.404424
1.797148 1.429583
0.519054 2.217824
1.490624 1.837593
1.142928 0.538997
3.161524 2.203507
2.705787 1.414457
1.740860 3.160774
2.589406 1.416707
2.759763 0.729781
2.029118 2.501923
1.204134 1.270353
1.555536 1.254645
2.979125 2.570507
2.074599 1.466819
1.460995 3.013031
1.455559 2.062145
2.096476 1.653446
1.293151 1.301296
3.823647 1.565062
1.216743 2.202337
0.786681 1.238050
2.593641 1.936578
2.221482 0.983682
3.358991 3.211173
2.188895 2.716765
2.617402 3.396221
1.262254 1.538217
1.233763 1.150198
1.317644 2.443818
2.235184 2.163968
2.701377 3.216463
2.225282 1.900192
1.501429 2.171513
1.924670 1.755853
1.440983 3.165352
1.309752 1.855592
1.135101 1.443022
2.508331 1.227795
1.148591 2.022939
1.815938 3.245389
1.063852 2.393494
2.115928 1.296007
3.130581 2.197907
1.934885 3.139838
2.160185 2.892183
1.193637 1.485581
0.953225 2.815816
1.530805 1.637669
1.764912 1.947726
2.267543 2.686724
1.541158 1.179509
1.982780 1.342723
0.910093 1.079617
4.065000 2.150405
1.590861 1.612439
2.688630 2.202032
1.701345 1.636827
1.989842 3.536311
1.839134 3.074112
1.421103 3.310768
2.599896 3.089378
1.760257 1.802000
1.596216 1.364592
1.296638 1.459961
1.183580 1.633330
1.854415 1.599705
2.477994 2.030035
1.356293 1.218863
2.443911 5.279871
1.810226 1.391408
1.978511 1.195348
2.368916 1.332893
2.028977 2.448333
1.254248 2.448605
2.033441 2.055741
2.057828 1.055219
2.030487 1.660074
2.823373 1.855320
2.040957 1.731139
1.260097 0.170501
0.813974 2.223352
3.259858 2.302054
2.186483 2.210997
3.714974 2.903604
1.879238 2.453493
2.837204 1.803034
2.422916 2.680416
1.711437 1.432567
3.050427 2.369939
1.211825 1.565576
3.000963 2.270174
1.904505 1.628603
1.958643 2.246492
1.957211 3.007489
2.637982 1.404166
2.419205 2.751849
0.955617 2.469379
1.593119 1.921279
1.442954 1.742410
1.089514 1.811076
1.331643 1.255882
1.607051 2.177954
2.019584 1.328089
3.484504 1.662752
2.291152 1.309330
2.159879 1.631376
1.882871 2.116636
0.828408 1.754844
1.755733 1.813114
3.363372 1.710450
2.741513 1.395293
1.939060 1.954105
1.518453 1.184855
1.027533 1.189895
2.744112 1.990961
1.514591 0.779443
1.894141 1.697706
3.156823 2.952479
2.351365 2.108570
1.533334 0.768425
1.777298 1.137171
1.271894 2.565461
1.408674 inf
2.302805 1.965181
3.010685 2.094296
2.031952 1.191539
0.903359 1.403509
1.444969 1.183091
2.852345 1.854127
1.798432 1.135096
1.597390 1.405254
1.254362 1.167917
1.332905 1.192093
1.909567 0.645780
1.157251 1.839922
1.648830 1.681337
2.672379 0.926836
3.240837 1.144079
1.321298 2.737950
0.999522 2.869815
1.458245 1.273113
3.152043 2.995931
1.415918 2.080352
1.597296 2.430291
1.967443 1.851091
2.489206 1.341985
0.993604 1.098063
2.788076 2.147320
0.788537 1.393815
1.751381 1.545858
2.330615 1.886436
1.580378 1.443150
2.645692 2.115400
1.976196 1.804544
1.026697 3.090873
2.960279 2.124224
2.453263 1.303237
0.914702 1.288880
2.030815 1.854300
1.820076 1.413769
3.087181 1.969101
2.023239 2.536735
1.025932 0.208808
1.304875 1.314403
2.164577 2.918473
3.206116 1.855985
3.498605 1.556678
0.728075 1.096047
2.228630 1.693527
1.885187 1.566394
3.283010 2.165027
1.610519 2.248393
1.578691 1.704297
1.292426 1.223691
1.826158 2.215729
1.096460 1.300624
1.119789 1.183370
2.065963 2.663734
3.088178 2.115414
0.972171 1.053016
1.652372 1.079212
1.760643 1.589408
3.066021 1.255774
1.158816 0.887087
1.653419 0.753850
1.977246 1.224362
3.082394 1.254405
1.953515 1.851146
2.030779 2.574513
2.142305 1.456998
2.647434 2.939404
2.574893 2.541403
1.893437 1.389858
2.559537 2.720627
1.923540 0.847841
3.338015 2.509290
2.636310 1.051972
1.117890 2.575897
2.696526 2.663782
1.796492 1.450475
1.766336 1.582707
3.194604 2.770172
1.575607 1.713244
1.820810 1.962890
2.998956 3.186225
2.461960 1.936830
1.661451 2.150815
2.797263 1.799239
1.938602 1.573914
2.165400 1.166270
1.147316 1.572339
1.856950 1.895716
1.385767 2.127766
2.529886 1.973429
1.325989 2.288652
2.933283 4.123470
1.588927 0.943810
1.852241 1.593389
0.969543 1.094156
1.875082 2.883464
1.983625 1.948778
1.137490 3.225392
2.387511 2.116786
3.247835 2.356312
2.996300 2.949682
3.077922 0.747566
3.575869 2.282748
2.914939 3.077923
1.949877 2.150729
0.766017 3.299076
1.894521 2.261222
2.811724 2.240961
2.922729 3.404880
2.399775 2.771540
2.044730 1.693396
1.306340 1.510398
1.803555 1.674913
0.721859 2.118085
1.844744 3.280734
1.816658 1.683379
2.325414 2.211216
2.655020 1.827956
1.193627 0.956573
3.016306 3.866851
1.443621 2.192148
2.086563 2.501817
1.625651 1.444072
4.127697 2.118234
1.706675 2.477992
2.889683 2.526621
2.525134 2.285938
2.136468 2.192910
1.442340 1.730150
2.665581 1.518721
2.429001 2.420094
1.129941 3.491434
2.495661 2.375510
2.932280 3.142958
1.707408 1.333748
2.386728 1.762002
2.762001 1.806239
3.223215 0.738773
2.021989 1.670276
3.274823 3.092365
3.020776 2.600966
1.857499 2.815754
2.268547 1.497297
0.890246 1.297125
2.012476 1.460401
1.955823 1.256035
2.050463 2.712283
3.298841 2.328067
1.837499 1.454990
1.571884 0.963472
1.803946 2.220312
1.483955 2.865897
1.274888 1.492081
2.532471 2.254130
3.329544 1.736449
1.296674 3.350255
3.543861 2.174714
1.730591 3.006222
3.107103 1.107107
1.421862 1.163297
0.506416 2.021633
1.957338 3.489866
1.071893 2.118738
1.842304 1.160746
1.686342 0.821486
3.101264 1.318966
1.369608 2.333352
2.174132 2.078987
0.912558 1.197636
0.826493 0.088554
0.898174 1.386026
2.968841 2.133416
2.975084 2.426651
3.210836 2.909748
1.882845 2.578434
1.741564 1.279124
2.527174 2.442255
2.715204 3.001665
2.178853 1.506371
2.194964 2.518829
3.059420 0.904012
1.463180 1.069866
3.553192 0.956023
3.101321 2.418443
1.017633 3.128827
1.718169 2.057507
2.669237 1.422090
1.752815 1.313452
2.940733 2.054760
2.930591 1.918894
2.963333 3.128231
1.811832 2.137894
1.218514 1.146216
1.756988 2.690441
1.497519 2.023579
1.819183 2.753152
3.495523 2.573652
2.446005 1.190193
1.772462 1.265024
1.324643 3.248963
2.907983 2.199304
1.007887 1.153233
3.134972 2.527296
2.030131 2.927487
2.159795 1.213566
2.308261 2.153260
2.702500 2.036993
3.005180 1.641576
1.180712 1.680376
2.835541 2.664101
1.701804 2.578222
1.422370 1.452428
1.968227 2.732400
1.421149 1.474452
1.937462 3.008991
1.967165 0.378544
2.602206 2.468749
2.378603 1.918480
1.826534 3.548204
1.465912 1.789955
1.177876 2.355264
1.454772 1.086475
1.198684 2.746792
1.793259 1.352995
2.631383 1.367242
2.629934 2.733588
2.182106 2.416806
2.525183 2.908126
2.932345 3.096246
3.128461 2.566578
2.863923 2.605523
1.666960 1.154673
2.441832 3.532051
1.603357 2.126962
1.786044 2.152532
1.326947 1.692751
0.536539 inf
2.838731 2.959288
1.815507 1.422668
3.437404 2.040191
2.242695 2.920536
2.991732 1.680815
1.154227 1.092760
1.656793 1.151197
1.922278 2.078676
2.877192 1.265038
2.138455 2.716208
2.638726 1.037914
2.156430 3.132675
2.539747 1.747366
0.971615 2.637958
2.104748 2.174910
1.771807 2.017487
2.378487 2.078070
1.554232 2.001369
1.580116 1.312008
2.314898 1.281150
2.179556 2.201094
1.850107 2.415114
1.328108 1.780076
2.594697 1.800347
1.941363 2.014313
1.961080 2.922908
2.280153 2.983924
1.402614 2.344594
0.958540 1.651172
2.337623 1.651704
4.670393 6.065677
1.732714 1.357875
1.993163 2.080660
3.394289 2.653849
2.324900 1.439039
1.708080 2.758787
1.137342 2.671304
1.895537 1.549999
1.225766 1.106169
1.681340 0.909146
1.498445 1.333454
1.753738 1.156192
2.023174 2.396747
1.371067 1.145237
2.122141 1.674077
2.916896 3.001932
2.396597 1.719465
2.084488 3.062433
2.071816 2.101516
1.882520 1.126649
2.247740 1.761474
1.955350 2.677721
1.932566 1.686695
1.456453 1.895709
2.183469 2.937780
0.998429 2.365526
1.410921 2.034329
1.645927 3.011776
2.334963 0.780535
2.135623 1.223630
1.733756 2.010355
2.639560 2.090009
2.148943 2.151984
3.006319 3.435107
3.284619 2.295969
1.160726 1.582431
3.123601 1.726165
3.007977 1.297584
1.896950 1.912285
1.191002 1.755393
2.055044 3.024602
2.656363 2.845505
2.022831 0.896660
1.310622 2.843360
3.126058 2.755035
2.771650 1.904269
1.130138 1.447398
2.515632 0.783110
2.589767 2.649801
1.652293 1.683253
2.142967 3.135686
1.190555 2.582655
1.949869 2.976513
1.968625 1.945173
1.745758 3.158215
2.806122 1.963208
1.049467 1.432183
1.882218 1.869086
1.601181 1.753684
1.359631 2.237019
1.472234 1.419591
1.952225 0.908298
2.738047 2.561878
1.078920 1.120240
1.058665 1.680979
2.060299 1.664794
1.205415 2.243061
1.351408 1.244950
1.984205 1.795954
1.804719 1.057985
2.186335 1.583392
2.530457 2.983823
0.829985 2.126982
2.336226 1.669562
2.033401 1.299582
2.255352 2.817832
1.326258 2.593336
2.568037 3.651968
2.243649 1.983488
1.904681 1.452525
1.702906 2.109721
1.982435 1.885085
2.890415 2.608732
2.070229 1.239205
2.786125 2.725070
1.466734 1.277057
1.145907 2.354898
1.832742 2.443562
1.867172 1.692678
2.989769 2.506735
1.344529 2.546423
1.829990 2.785177
2.887859 2.843315
1.605559 3.153652
0.748664 3.203518
3.793341 2.200691
1.988011 1.598659
2.996649 2.230350
1.962909 1.174741
2.003179 2.063526
2.424417 1.176636
2.498165 1.679376
2.012013 2.353200
1.307934 1.665454
0.992905 0.376798
1.631229 1.346046
1.345465 1.878744
2.513283 2.644833
2.506634 2.783258
3.247113 1.670209
1.696370 0.903168
2.459974 1.323396
1.425919 3.019570
3.088068 3.070405
1.291144 2.086885
2.904083 2.046037
1.683895 2.562495
1.158775 2.245094
4.126375 2.776091
1.573953 2.577666
1.744637 3.124316
3.076545 1.520731
2.175381 1.068451
2.162117 1.728633
3.121696 3.449157
1.712864 1.581324
3.363470 3.145789
1.719944 1.819876
1.501704 2.243508
3.831700 2.980123
3.197262 2.518475
1.604369 1.008673
2.018089 2.154516
0.445134 2.890936
2.365091 3.355569
1.327128 2.263154
2.363263 1.658593
2.639979 2.793962
1.253578 1.871041
1.902138 2.455542
2.772314 2.965175
1.234880 1.427667
1.733805 0.943981
1.523372 0.281070
3.002292 2.287581
1.322879 1.211587
2.967143 3.038435
2.262907 2.573555
2.391831 2.411105
1.840683 2.735391
1.965560 1.612201
1.450677 1.278138
2.694562 2.997203
2.207723 1.034385
1.416231 1.939362
1.090599 1.262264
1.301339 1.765372
2.904963 3.144996
2.389110 1.945216
0.936361 2.551939
2.240936 2.844311
5.127627 1.941564
2.641104 2.880930
1.019907 1.393376
2.131942 1.978715
2.913120 0.771855
2.794688 2.631294
1.984212 1.780607
2.956398 3.099660
1.659477 1.871743
3.637002 1.848816
1.879284 2.321915
1.953689 1.681486
1.423985 1.777706
0.948959 1.849901
1.446498 1.771024
1.159097 0.907135
1.811568 2.135386
3.160515 1.282982
1.432647 2.028824
1.411481 2.437364
2.101865 1.802655
1.702731 2.583265
1.613951 1.037137
1.976310 2.469468
1.597220 1.335638
1.421501 0.370878
1.529271 1.891468
2.531092 2.123713
3.339288 3.443858
1.503762 1.280340
0.854738 1.974288
1.789833 2.095547
0.923260 0.969627
2.136495 2.596014
1.179940 1.677017
2.711065 1.774699
1.769407 2.289522
2.386507 1.174704
1.833470 2.095742
1.608631 1.220742
0.686460 1.111798
0.966097 1.525113
2.466634 1.366071
2.186930 0.930912
0.972519 3.189990
3.128253 1.813830
1.621044 3.065605
3.076485 1.400900
1.337191 2.637394
2.410642 1.486997
1.706794 1.538319
1.554200 2.696396
1.826213 2.044663
2.849472 3.193540
2.787326 3.286248
2.684633 3.201526
2.510292 2.733294
2.313969 2.389375
1.910305 0.991073
2.091914 1.763268
2.873919 1.059332
2.623516 2.883669
1.334097 1.894685
1.303403 1.963526
2.916451 1.610440
2.101860 1.314557
1.642992 1.317351
3.090312 1.142477
1.558464 1.596842
1.548355 2.222430
2.656311 2.624702
1.265623 1.226906
2.373922 2.009912
3.052238 3.090185
1.573053 2.738172
1.464986 1.564279
1.460375 1.913323
2.414554 3.543405
1.657872 1.765105
2.170749 1.413327
1.529974 2.764429
3.179463 2.336641
3.073718 3.100132
2.690763 1.174051
1.917948 1.256085
1.975519 2.312329
1.855326 0.976186
1.641743 2.102936
1.805238 1.822530
1.075418 1.080688
3.150070 3.033477
1.034920 1.456135
1.238840 1.178432
3.360769 4.283805
1.895700 2.900855
2.183216 2.306609
2.149518 1.831945
3.943953 1.233455
2.780825 2.716434
1.959432 2.092628
2.349273 3.453259
1.003853 2.539836
0.765609 2.685625
2.876213 2.299275
1.353024 1.640801
1.862065 1.392860
2.275198 0.911878
2.306782 3.721439
1.711526 1.372809
2.806727 1.838560
1.513332 1.403591
4.095046 2.732072
1.147453 1.260135
1.309755 0.064866
0.952453 0.293307
1.274976 2.220730
3.865064 1.828664
2.619607 2.449766
2.576280 1.310128
1.713187 2.416334
2.090058 2.373603
1.735199 1.887193
2.573412 2.856148
2.933919 4.403093
2.310889 2.107239
1.428572 1.879960
3.048209 2.384827
2.566708 2.638718
1.408889 0.904117
2.532279 1.179085
1.947167 0.551450
2.715831 1.000306
1.978153 1.367032
1.559850 0.620055
1.535237 1.635150
1.481552 1.528402
1.492135 2.282458
3.831662 2.969919
0.929659 1.358676
2.086112 2.427943
2.208339 1.627066
1.242145 0.898191
2.061357 1.795699
2.287688 2.801852
1.572570 1.424219
3.026592 2.627285
2.428357 0.452046
1.697445 1.871606
0.978306 2.690930
3.118233 2.451740
1.297226 2.060037
1.879015 1.470527
1.502421 2.500936
1.021346 1.504582
3.357135 2.576891
2.530204 2.451869
2.399560 3.067687
1.908724 0.965100
1.440564 0.536529
1.176066 3.067611
1.729946 1.387834
1.660679 3.075125
3.645648 2.326277
1.227887 0.896010
2.672935 1.922232
1.777440 1.366404
1.475616 2.915569
1.309556 3.349878
1.528179 1.459035
1.740323 1.598378
2.230349 2.692918
1.462133 1.516942
2.154521 2.094275
2.281647 1.521623
2.384936 2.181487
1.552434 1.735766
1.420994 3.015786
1.246391 1.945979
2.382565 2.615274
3.969113 1.904404
2.426862 2.855757
1.442739 1.740402
1.084974 1.062419
3.064225 2.927471
1.817232 1.788648
1.932434 3.157716
5.416963 1.176774
1.874759 1.100581
3.780376 1.924926
2.804617 1.403330
1.844323 2.406303
0.485027 1.721152
2.469503 2.639356
1.406147 1.166714
1.682590 inf
1.356966 1.533010
2.042510 2.927768
0.556018 2.425622
0.876151 1.856031
3.148363 3.314194
0.585867 0.574413
1.122555 3.146907
1.516131 3.565505
1.728832 2.286330
3.134610 2.277059
1.965617 1.550372
3.304564 2.267761
1.293747 1.371135
1.416093 1.599629
1.312207 2.470037
2.622239 2.399904
1.031332 2.680722
2.110591 2.680300
1.382682 2.262064
2.937715 2.994205
1.989214 1.998380
2.552419 2.200779
2.100043 2.911898
2.006756 1.470347
1.325052 1.297752
1.506929 1.401957
2.698722 1.793991
1.293431 1.527132
4.580533 2.100524
1.286785 3.758082
0.620105 1.268128
3.301318 3.213775
2.110638 2.697345
1.736600 1.451197
2.599365 2.882501
2.197412 1.835387
2.373190 1.957649
0.571451 2.416690
1.005024 1.681777
2.841357 1.327720
1.739335 1.751289
1.932934 2.341665
2.986472 3.163919
1.523510 2.023029
2.438465 0.968083
2.669255 3.037209
1.604311 1.894252
2.905837 2.806000
1.238253 2.128007
2.220756 3.542666
3.118521 3.200385
2.870136 2.945600
3.148190 1.883949
1.288113 1.305692
0.507827 0.484248
1.290878 2.297300
1.506563 2.074080
1.597804 1.516600
1.419570 2.409367
2.651054 2.306338
2.963947 2.313365
2.078499 1.349442
2.275014 1.522465
0.938737 1.845992
2.346522 1.479765
1.390750 1.028770
3.318163 1.966120
1.035954 1.586071
1.811739 2.059932
0.850120 2.076574
3.570729 2.961320
2.277387 2.646330
0.957819 3.197541
3.150273 1.823866
2.160500 3.022046
2.380101 1.957474
2.863903 0.995140
1.694229 1.099566
1.327592 1.930337
1.501076 1.299495
4.530198 1.146372
1.925719 2.103754
2.132861 1.750085
1.935246 2.148458
1.745840 1.497469
3.172442 2.061198
1.237080 1.466695
1.979664 2.582799
0.759644 1.282732
3.113268 1.375951
1.186620 1.096563
2.942719 1.808339
1.725722 1.736930
1.825537 1.183907
1.793636 2.040664
2.010794 1.240097
2.137159 2.574618
1.513322 1.264504
1.459774 1.521713
1.962336 2.256298
3.299361 2.344422
1.019508 inf
1.177039 1.936043
1.167490 1.520394
1.860812 1.955967
3.188640 1.318800
2.467512 2.879245
2.307454 3.070602
1.860338 1.518934
0.979873 0.620862
2.911171 0.817120
1.873185 0.979649
2.837846 2.124748
2.243196 1.209078
1.339378 1.429306
1.609931 1.835118
2.963105 1.167169
3.200741 4.570168
3.163747 1.634728
3.311114 2.218520
2.424109 1.630725
1.878640 2.269966
0.967284 1.951001
1.454428 1.481395
1.521240 1.450908
0.980150 1.555374
3.103678 0.611742
1.569968 1.932404
2.728137 2.567007
2.570566 3.117515
1.949284 1.437557
2.488766 2.310154
2.115984 2.001197
2.761734 2.061230
2.817913 3.125298
1.756391 1.596659
1.272455 2.975205
1.621549 0.336612
1.429555 2.907796
1.883497 2.798448
2.824655 2.611410
1.999768 1.123259
1.549259 2.739875
3.441125 2.916585
2.449472 2.806341
1.904024 2.797215
1.710440 1.518687
2.294936 1.183361
1.406850 0.858200
1.305413 1.401781
2.072848 1.861951
1.322208 1.656639
2.983876 2.526248
3.156595 1.843990
4.462626 2.974431
1.757083 1.803889
4.329290 3.746953
2.638026 1.327773
1.697175 2.001039
2.204056 2.138197
2.067482 1.586435
1.592824 1.897832
2.877196 2.700960
2.837124 1.549266
2.436512 3.053807
1.629752 2.519554
1.373386 1.509760
1.324277 2.654281
1.845318 2.115496
2.397688 2.723210
3.065405 2.290625
2.867095 2.816838
3.197794 3.235757
3.111558 3.187841
2.281244 1.179742
1.469943 1.644962
2.096051 1.716608
1.079371 1.099251
3.045221 1.247043
2.850748 2.109927
1.213408 2.103303
0.966566 1.128400
2.488384 2.036592
1.482877 2.046383
1.592017 1.913930
3.131565 1.842762
1.545361 2.814532
2.502660 2.033920
2.086458 2.460106
1.488216 1.129995
1.979979 2.412953
1.834549 2.703475
3.354794 1.642191
1.413206 0.934268
1.050339 1.667661
1.689153 2.497931
1.341098 1.915169
1.778336 1.491119
2.544706 2.788348
1.589712 0.999021
1.866277 1.920894
3.141323 2.315045
2.747319 1.758080
2.697566 1.424472
1.576522 1.805947
3.226764 1.101705
1.937624 2.461052
2.300929 2.110628
2.030594 1.890598
1.654653 2.118621
2.653941 1.654090
1.757036 1.972475
3.543593 2.601151
2.121385 2.343448
2.934686 2.373151
3.133581 2.430166
2.507350 3.301456
1.301055 2.730875
1.444027 0.401470
1.393668 1.276573
1.624009 1.806060
1.929631 2.701565
3.027806 1.777803
1.523906 1.059938
1.859616 2.095496
1.843511 2.159612
1.434828 1.392284
2.514081 2.477734
1.478346 1.475453
1.142013 2.771591
2.716554 2.496836
1.068800 0.594945
2.633170 2.771928
2.097154 1.923296
1.980181 2.944506
3.045797 2.540299
0.783574 0.807074
1.389852 1.050992
1.531155 1.913491
1.692257 2.158404
2.209606 1.613577
1.755956 0.894892
1.822645 2.137072
2.913499 1.691680
3.106460 2.562989
3.609870 1.321837
2.159045 1.544312
1.337038 2.853269
0.509007 2.495812
2.473260 2.420932
2.869733 1.808159
1.619627 3.453765
1.397044 2.857733
1.623980 2.307575
1.949053 1.682967
1.020728 1.238694
0.696044 inf
0.886482 0.218797
1.663492 2.722094
2.038180 2.349599
1.038824 0.170821
2.090664 2.131134
1.062564 2.034521
2.604914 0.586866
2.080621 1.827610
1.684740 1.726918
2.927093 2.320295
0.441213 1.799087
2.213217 2.741530
1.323889 1.853485
1.940560 2.200148
2.393187 2.366101
3.082350 1.686009
2.747537 2.491106
2.153092 3.236085
1.068827 1.393444
2.254511 2.505122
1.262983 1.352560
1.178986 1.154657
1.104464 1.162039
2.933957 2.227550
1.955317 0.921874
1.597483 2.371542
1.711271 4.248445
2.677359 0.885138
2.113855 2.217504
1.488434 1.037792
1.538068 1.520399
1.960729 1.611544
1.519006 1.473612
2.609012 3.078547
1.634127 0.953749
3.176897 2.905721
1.536244 2.342736
1.474044 1.275403
2.406893 2.544896
1.346920 1.232259
1.889954 2.985017
1.742638 2.348356
2.417190 3.106708
1.947104 1.401700
2.921915 2.057368
3.011629 1.613618
3.364814 2.619747
1.287127 2.841040
2.179898 1.698820
0.970035 0.583785
2.012758 2.098015
1.461948 3.324846
2.496059 2.714599
3.021498 1.411864
1.610332 2.657101
1.218497 1.058610
1.614956 2.461678
2.387991 3.299249
1.939586 2.612645
1.283045 1.739132
3.171304 0.760930
2.696953 1.764343
1.605428 3.499289
2.751943 3.302080
4.252776 3.395437
1.920795 2.924953
1.319472 1.031694
3.083813 2.555102
1.963722 1.671192
1.737350 3.069631
1.318884 1.090447
1.088644 1.576483
1.946005 3.097585
3.251330 1.839253
1.470496 2.431552
2.166512 1.758136
2.460979 2.455663
2.370530 1.099849
1.250934 2.449762
3.411477 2.570070
3.901763 2.975612
1.596157 1.494530
0.870447 1.809243
1.316858 1.876378
3.015353 2.190733
1.664145 1.611881
1.583569 2.581350
2.436436 1.570253
1.632777 1.617392
2.297164 2.475179
2.045621 3.165061
1.265246 inf
2.143045 2.086051
2.656118 2.706386
1.534512 1.943865
2.545400 0.136468
3.252139 1.865611
1.276016 2.842159
3.690526 1.002331
2.320695 2.944367
4.076574 2.737126
3.937466 2.652149
1.515099 1.829370
1.775506 3.079082
1.376963 2.747169
2.482832 1.980312
2.067257 2.026782
1.394479 inf
1.323903 2.105548
1.255873 1.407148
2.114246 1.831527
1.486270 1.579830
1.258980 2.126091
2.155792 2.028416
1.755573 3.221957
1.747878 1.567284
1.848708 2.093203
2.209181 2.534459
1.558403 2.896965
2.749928 2.572513
2.044008 2.085035
1.563867 2.459010
1.544693 2.465455
1.849277 2.200000
1.787024 1.115649
1.654422 1.704543
2.601335 1.895628
1.223161 1.337070
1.990055 3.117342
1.637129 1.824262
1.715793 1.431716
1.763502 2.236049
2.421409 3.550608
1.936830 2.993604
2.307125 1.637250
3.060703 1.047353
2.646561 0.953241
2.361274 1.179548
2.078742 1.389198
1.570114 2.210253
2.507500 2.754706
1.235439 1.115983
2.361437 2.440785
0.752580 0.165266
2.049768 2.801561
2.305826 1.881534
2.613211 4.426587
1.609771 1.948820
3.240853 1.740666
3.330278 2.558895
2.334808 3.176447
2.542366 2.982615
1.059822 1.617489
0.629940 3.030923
2.248348 2.655905
1.198197 0.839896
0.262181 0.850030
2.712171 2.167230
2.689980 1.782733
1.546646 0.977989
2.758701 2.932253
2.446133 2.258798
2.342231 3.423944
1.527801 1.469800
4.192001 2.088990
1.753037 2.473196
2.358821 2.045852
2.602268 1.290249
1.550568 1.120333
1.389262 1.805578
1.555480 1.180983
1.745747 1.779336
0.997362 0.911213
3.172077 3.339157
3.393479 0.961088
2.324715 1.607965
1.620336 2.735124
1.116329 1.072472
2.729836 1.445193
1.419801 1.300168
2.243424 2.927368
2.028102 1.941556
0.338460 2.604700
2.567735 1.212094
2.343763 1.545787
1.807040 2.365835
1.913424 2.254939
1.515611 2.318637
1.749369 2.149899
1.652941 3.202855
2.535101 2.035053
1.291081 1.988693
3.003524 2.386969
3.178589 2.070617
1.604727 1.852411
1.902141 3.178745
3.270784 2.361742
1.154510 0.929319
3.930640 1.046204
2.546729 2.466084
0.785266 2.399292
2.339725 1.949844
1.660033 1.573211
2.004676 1.259727
1.332505 1.539253
1.666343 1.241956
1.326630 2.652698
0.983522 1.851426
1.132392 1.545881
2.186498 3.187613
1.152761 3.490822
3.328114 2.669018
2.043344 3.091892
2.728023 2.727834
1.466798 0.209460
3.054626 1.147177
1.399184 1.378364
1.015775 1.137681
0.899208 1.282198
0.755269 1.334869
2.482255 1.105017
0.995795 2.157695
3.320506 2.667252
4.424777 3.052403
2.844719 1.743061
1.300053 2.424037
0.364461 2.341262
2.101293 1.983407
1.747596 1.777380
1.053491 1.039500
2.312132 1.289037
1.997704 1.346316
1.189436 2.634696
2.039651 3.098181
3.715281 3.187793
2.871710 1.729682
3.089872 2.454099
1.827857 1.324098
1.724148 1.858326
2.913940 2.994106
1.027015 0.814693
3.118032 1.805374
3.374307 3.675788
1.348905 1.644897
2.096758 2.696240
1.168929 1.299843
1.240680 1.295109
3.442205 0.440251
1.182861 1.003964
1.565842 1.836067
1.292159 1.904293
2.643615 2.336221
1.868623 2.628392
2.890250 2.132535
1.337114 1.187928
3.179250 2.327251
1.360250 1.978762
1.151645 1.644437
1.826486 1.638906
3.031538 2.847112
2.538034 3.125707
1.331890 2.915203
1.636306 2.058435
1.863684 2.083950
2.324491 2.844051
1.045798 1.143446
1.606645 2.530998
3.132415 2.935046
2.343005 1.425240
3.759824 0.541560
1.316793 2.443682
1.710955 1.669995
2.693902 2.215926
2.471217 1.788572
1.889126 1.526361
0.981124 1.232515
1.493425 1.522735
3.418590 1.359107
1.516882 2.601216
3.140647 1.676823
1.918087 1.560310
1.868010 2.411876
2.427191 1.663128
3.010818 3.261786
1.548684 1.913103
1.870118 2.435424
2.417887 2.191669
1.247874 1.786647
2.358669 1.968791
2.705530 2.144605
3.176435 2.749132
1.473438 0.652388
1.997620 1.130251
1.170328 1.401714
3.063027 2.437923
1.873371 1.945303
1.981992 1.906917
2.304298 2.482185
0.926694 1.240511
2.134018 1.784500
0.911017 0.629630
2.101072 2.247806
3.124565 1.600688
0.720800 2.981879
1.379739 0.917236
1.354248 2.654313
3.400428 2.207219
1.142889 1.204781
2.444541 2.847507
3.782327 1.163272
1.957513 1.649088
2.329396 1.742879
2.397200 1.566462
1.674786 2.450288
2.810737 2.817129
2.166496 2.757377
3.143594 1.411090
1.251310 1.358686
1.411262 1.242930
3.234748 1.622648
2.269051 2.143844
1.804950 1.405349
0.973444 1.468614
1.108437 1.516384
1.281924 3.309112
1.895538 2.937616
1.644876 2.974236
1.059931 2.375190
1.771418 2.646816
1.636584 1.490292
1.655055 1.764746
2.720672 2.016159
2.273156 1.953152
2.830661 2.583792
1.432396 1.024256
2.450748 2.451372
1.684417 2.794816
2.153522 1.425741
2.490250 1.068873
1.356539 1.717687
2.264258 3.456461
2.908518 1.445413
2.288726 1.353301
1.678525 1.429605
2.949814 1.688104
1.338449 2.233915
1.283196 1.370424
1.152580 1.876838
1.472077 1.215583
2.004984 1.728618
2.612696 2.389267
3.070276 3.142187
1.850736 3.364408
2.378479 2.796123
1.118551 2.551525
2.319673 1.448063
1.274857 2.877979
1.694720 2.671604
1.779687 2.307402
1.698506 1.484311
0.811487 2.418849
2.579115 2.623296
2.847390 2.912748
1.762891 1.413107
2.851625 2.712365
2.290995 2.341854
1.440872 1.589851
2.446947 1.236783
1.097457 1.117244
2.781365 2.871820
1.410314 2.045094
1.866311 4.621653
2.232944 2.292284
2.577213 1.618100
1.614913 2.398902
1.475502 1.849388
2.108261 2.430939
1.116514 0.746486
0.769097 inf
1.120034 2.044929
3.336589 2.633572
2.063360 1.302449
2.654633 2.175858
2.877122 1.981142
1.214149 1.464506
1.232977 2.221856
1.722526 1.797192
2.208401 1.416687
1.503229 2.943450
3.810408 2.650997
3.407371 0.839960
1.853215 2.465937
2.635090 2.460788
1.366329 1.983741
2.004165 0.963439
3.197621 4.335537
2.930880 3.135792
3.186685 1.734574
3.004943 3.696588
2.324733 1.341627
1.536070 1.674601
1.720379 2.302880
2.416470 2.964350
1.275486 2.186389
1.986263 2.021957
2.841432 3.186512
1.455282 1.565705
2.331674 3.326210
2.210152 2.393082
2.816731 3.083574
1.762776 1.198196
3.320192 2.285512
1.493259 1.532300
2.131494 2.112988
1.372835 1.151714
2.447304 3.132745
2.275016 2.092641
2.584645 1.787142
1.816817 1.706266
2.155556 1.283859
1.839226 1.631563
2.932523 0.991816
2.242859 1.825019
3.095518 2.406198
3.211717 2.210078
1.440351 1.109269
0.978750 1.052841
1.459367 2.044984
3.192905 1.538840
1.827617 1.557974
3.406853 1.920258
0.941475 1.330930
3.445741 2.614135
1.922365 2.751882
1.364716 0.983706
1.412847 1.954416
2.843302 2.753055
1.885225 2.490277
1.762722 3.009423
2.595586 2.047266
1.183462 1.436867
2.521591 0.882528
2.981309 3.061694
2.778814 2.713352
1.582434 2.018482
1.089579 1.292536
1.141417 2.557072
2.597490 1.920779
2.958227 2.355755
1.768779 1.396617
1.188942 2.248852
1.489247 0.393674
2.932130 1.567677
1.145994 2.116637
3.145795 2.939343
3.446838 2.730003
2.366662 inf
2.042130 2.759857
2.877074 1.907164
2.995995 3.120349
5.381269 1.578588
1.557683 0.336866
1.576842 1.633614
1.312174 3.195976
2.789097 3.012422
3.130115 2.695008
3.062664 1.702994
3.379966 2.346763
1.002125 1.029472
3.049629 2.171644
1.615133 0.961902
1.266701 2.364934
2.527544 3.288850
1.557521 1.181643
1.137616 3.233892
1.889907 1.738645
1.969361 1.625409
0.706251 1.311540
1.969289 2.317479
1.842632 2.206280
2.441740 2.834234
2.425282 1.517174
0.949562 2.812160
1.426279 3.044025
1.734219 2.776117
2.589610 1.856884
1.571599 1.208431
2.669946 2.066883
2.120191 2.667850
2.923922 1.793444
1.826353 2.119529
1.037579 3.130675
3.136202 2.702503
1.888810 1.209553
1.399308 1.331167
2.001629 2.849446
2.207914 0.976991
2.245879 1.021541
1.833485 1.508251
1.742544 1.099357
1.637453 2.319018
1.420461 2.432959
1.841269 1.174340
2.205421 2.010057
3.004521 2.458010
2.104377 2.417241
1.355700 1.852445
4.430986 2.787265
2.110682 1.955420
2.107302 2.662413
3.316766 0.723421
1.811939 1.278238
1.369438 1.305954
2.637623 1.792567
0.817075 2.459783
3.376141 1.181855
1.697780 1.552901
2.066315 1.740920
2.715997 2.733343
1.324334 0.733911
3.409494 1.660969
1.262589 0.944359
4.313140 2.633665
0.647337 2.356103
1.823740 1.592587
1.646677 1.939380
2.974685 1.293326
2.053143 1.836315
3.128214 1.050283
1.211478 1.891184
1.905450 1.906803
1.889012 2.906589
2.983539 3.113966
1.565062 1.380001
2.155600 1.306778
1.990057 1.862239
1.229313 1.650848
1.329474 2.051866
1.824654 1.955784
2.405002 3.255664
1.735103 1.379950
2.824790 2.947871
1.332665 2.021832
2.015983 2.130280
1.072823 1.818908
2.064256 2.196010
3.040066 1.888524
2.286745 2.736249
2.581261 2.522824
1.400163 2.349857
0.457596 0.470175
1.815990 2.968989
1.546568 0.255980
2.135311 1.451334
2.669536 2.760697
1.114357 1.723978
3.071667 3.153483
3.069049 1.356484
1.159976 1.482476
2.459625 2.042682
1.473618 1.312391
2.789034 1.847874
1.671975 2.711338
1.318776 1.059936
2.500158 3.226171
2.335846 2.215188
1.901049 2.244851
3.107429 2.662406
1.275358 1.299595
1.930104 0.856291
2.384171 4.199891
1.668105 1.467631
3.087468 3.349725
3.180321 2.318845
0.980840 0.387432
1.032262 3.112193
2.907348 2.477194
2.245749 1.841214
2.220951 1.006353
1.310232 2.369189
2.835951 3.303023
1.462326 1.985677
1.264781 2.539010
2.186783 2.054513
1.233495 2.168820
0.917798 1.076147
1.280629 1.431912
2.414976 2.803578
1.259289 1.123064
1.199080 1.171013
2.126096 2.628975
1.921996 1.463283
2.030625 0.977733
1.910451 2.566400
1.707842 1.710939
3.508315 3.056593
1.295280 1.427073
2.079274 2.145687
1.679151 2.763549
2.701556 2.676700
1.270977 1.068262
1.081131 1.546290
2.708083 2.018495
3.052229 2.592279
2.030153 1.925020
2.526260 0.954263
1.373133 1.721284
2.022513 2.688954
1.470904 1.095212
1.493430 0.850974
0.906615 0.985381
2.710537 1.782436
2.297467 1.340872
3.290567 1.593887
2.929761 3.928088
2.958479 2.327812
2.046587 0.635201
1.426739 1.725730
2.723427 2.747485
1.320671 2.199910
2.775211 2.528675
1.108168 3.673104
1.846596 2.950535
1.395819 1.458772
1.907446 2.596833
3.578415 1.671101
2.940791 3.213799
2.721041 2.401511
1.206227 0.829532
3.047863 2.701901
1.420443 1.441964
1.731838 1.686352
2.859312 1.739978
1.025676 1.615187
1.389980 2.133864
2.439427 2.106682
1.418684 2.133161
1.073046 2.357414
2.288982 1.817749
2.981662 2.587351
1.199335 1.787305
3.645685 2.086987
1.920983 2.988772
2.326282 3.470753
1.375529 1.215580
2.790990 1.458163
3.133845 1.591912
2.531965 3.176089
2.217300 2.976617
0.806120 1.493040
0.529403 1.703445
1.022231 1.176028
2.379753 0.861618
2.656234 2.618940
2.903951 0.767110
0.712730 2.435245
0.976273 1.057682
3.095861 4.303008
2.302561 3.076065
1.316048 1.361874
4.309818 3.397801
2.622071 2.225661
2.141816 1.223409
1.632750 2.435519
1.545443 1.588522
2.696430 2.373908
3.218136 2.413316
2.715324 2.699905
1.130231 2.969012
1.441140 0.547081
2.933110 2.423884
1.063239 1.195761
2.853050 2.448552
1.238090 1.648802
1.692979 0.884022
1.301741 1.444186
1.217421 1.131298
1.831195 2.461695
1.543597 1.019812
2.709350 3.476650
2.306978 2.946861
1.260010 0.933711
2.545201 2.913667
1.785607 1.771124
2.305612 1.365044
0.828981 1.061659
3.830024 2.248094
3.460462 3.583372
1.408692 1.104673
0.902703 1.559112
2.139307 2.209003
2.003289 1.436673
2.188983 1.793996
3.136501 1.596967
1.864578 3.140285
1.582280 1.390615
1.560976 0.850149
1.266281 1.329230
2.734339 2.689729
2.293537 2.325371
2.977111 2.366315
1.301234 1.301455
1.480902 2.731102
2.798697 1.328423
2.342588 3.148197
1.396097 1.755974
2.829103 3.148514
0.973576 1.299446
1.297646 1.721391
2.762878 3.292519
2.056068 2.401846
1.699733 2.596747
0.928417 2.970957
2.168523 2.885413
1.781298 2.548704
3.459556 1.898452
1.593830 1.412525
1.295321 3.246951
1.915566 2.448556
1.710585 1.536368
1.114553 1.174817
1.960354 2.125565
1.895269 1.885069
2.842161 2.366972
1.611978 1.655362
1.007218 inf
2.294898 2.767467
2.824308 0.966735
0.935995 1.507913
1.980053 0.806459
1.268499 2.297979
1.582566 1.204591
2.192456 1.931432
3.403479 1.074187
1.283863 2.779923
3.787835 1.443905
1.574446 1.978987
1.247409 1.320061
1.752690 1.501489
1.611822 1.143185
1.753651 2.116634
2.071182 1.750397
2.357512 2.682482
2.046366 1.602436
2.924412 1.857446
2.378089 1.177928
2.429540 2.138826
3.268256 3.135606
3.101399 2.537823
1.463058 1.747385
2.457772 2.831070
1.145208 2.253491
2.862438 2.035087
2.498708 2.595275
0.692666 2.178488
2.666615 2.545361
2.146220 2.214622
1.550750 0.960435
2.605111 2.595981
1.703243 2.806926
2.724139 3.446271
1.913072 1.509210
1.789781 1.639192
1.356822 1.563579
0.995491 1.328729
3.697976 2.429316
0.690476 2.929930
0.815431 2.279291
2.285820 2.580820
0.982887 1.687700
0.993342 2.173439
2.639678 1.905024
2.208157 2.930616
1.334124 1.353116
2.328710 2.749516
1.051685 1.202034
1.436125 1.997285
1.292925 1.343672
2.018820 1.130975
1.664936 1.232324
1.333210 1.315079
2.415419 1.421579
1.069606 1.054424
1.116581 1.351561
2.048365 2.457863
3.513792 2.707172
5.848977 3.182297
1.523917 2.075495
1.717826 1.537130
1.352644 1.287536
2.847489 1.762168
1.471581 1.366980
1.260108 1.519993
1.702478 1.134777
1.183248 1.057070
2.714752 1.610572
2.214687 2.128806
3.060493 1.605587
1.169960 2.267193
1.140426 3.658430
0.774168 2.648168
2.750257 2.666383
2.189101 1.470705
3.210353 2.005043
2.805364 2.641282
1.491392 1.225704
1.561577 1.914631
2.400688 3.138734
1.175999 0.938018
1.762005 1.684015
1.391057 1.903730
1.582870 1.676045
1.954392 1.940711
2.061491 3.164452
2.671377 2.225163
1.059100 0.755217
3.078874 2.765494
1.267004 2.746209
3.240948 2.556033
1.281231 0.966808
2.868824 1.266183
3.013816 2.230275
1.802672 2.585010
1.285348 2.588778
3.080413 2.516752
1.971060 2.501229
1.137860 1.549993
3.005667 3.543540
0.944282 2.830904
1.491445 1.608894
1.456018 1.438420
1.967103 1.350339
1.821974 2.717869
1.588641 1.464398
2.117899 3.054488
0.782831 2.260839
1.642741 2.687824
1.455802 1.876387
1.945211 2.164240
1.826526 2.373204
1.039521 1.529961
3.306840 3.333897
1.286625 3.155390
0.728377 1.916903
1.959915 2.320838
1.603935 1.361395
1.933836 1.541936
1.022976 1.526425
1.647121 1.315546
2.438373 1.161840
1.473126 1.754052
0.859492 2.700192
1.592901 3.024257
3.177933 2.988384
1.835356 1.683915
2.900878 2.181529
1.744546 2.004312
1.496531 2.674081
1.354513 1.535508
3.161082 2.391787
1.154689 1.273612
2.694044 2.131731
1.670471 2.204086
1.906900 0.811706
1.930292 1.433974
1.169839 2.317992
2.850110 4.298897
1.964714 1.464732
1.333667 1.066196
2.141083 2.322617
1.619301 1.362853
1.665915 2.113646
3.104988 0.918135
2.646688 2.484662
2.897025 1.165203
2.078618 2.824623
3.768846 4.520954
2.249888 0.703980
0.886433 1.331785
2.193190 2.072681
2.104176 2.043795
1.566433 1.746265
1.492174 1.949330
1.272172 1.180324
3.403493 2.051902
2.767798 1.815290
1.807845 1.649926
1.818675 0.823866
2.982822 2.484206
2.617427 3.069236
1.529335 3.569321
0.995607 2.840837
1.608676 2.124342
1.709044 1.238929
3.426441 1.534320
1.634431 1.325975
3.671404 1.808988
1.775032 2.205389
2.764222 2.517912
3.052314 3.075386
1.020871 2.470335
3.015174 2.240183
3.185249 0.595862
1.882609 1.121472
2.682587 3.186365
0.282027 1.673268
2.246984 1.349398
1.853527 1.011926
2.070743 3.106755
3.357530 3.413152
0.960270 0.815560
2.481562 0.894546
1.428695 1.363075
2.215115 2.591819
1.341077 2.202502
4.007537 3.095224
2.158180 1.980533
2.701979 2.542306
1.160362 0.895719
1.790032 1.317868
1.172295 2.040617
1.957935 1.400746
2.477384 2.914411
1.094963 2.824190
2.011727 2.373592
1.607626 1.199752
1.598527 1.445920
1.754748 0.873120
1.220814 1.106210
1.685646 3.280879
1.888491 1.062161
1.942386 2.178185
1.472641 1.551707
2.239745 2.156796
1.201214 2.444253
1.035776 1.351753
2.472504 3.126482
3.073808 2.960526
2.860897 1.397913
1.811480 2.303519
2.469222 0.815093
1.240399 1.007290
1.517953 1.835095
2.965527 3.246473
2.188535 2.897041
1.398299 2.235714
2.308657 1.106442
3.094241 2.753506
2.091839 1.669024
1.128654 2.030501
1.441479 1.030943
1.326202 1.486683
1.964223 2.647185
1.238068 1.213386
2.137824 2.991342
1.786124 2.048984
2.119729 1.122935
2.527849 2.524269
1.890739 1.782666
1.998329 1.794329
2.937695 2.718155
1.399048 1.645423
1.669844 1.375476
2.395374 3.260280
2.274239 3.034917
2.821984 2.199353
1.412037 2.631597
2.173607 1.490322
2.179636 2.233060
1.453799 1.457891
2.421668 3.233092
3.057583 2.565747
2.250783 2.881907
1.777493 3.289721
1.099104 0.963237
1.534743 2.370489
0.766091 0.648467
1.149834 3.083792
2.354770 3.547438
0.990231 2.095041
2.047176 1.539514
1.933282 4.222417
3.291245 2.448588
2.123895 2.053034
2.829226 1.412003
1.630574 1.881918
1.559544 1.500015
2.000024 3.111369
2.769979 2.268896
1.201857 2.168657
2.285767 1.058267
1.946340 2.055442
3.665005 2.424125
2.942755 2.245755
1.239007 0.973855
1.701405 1.038775
0.810902 2.728135
1.007440 2.672861
1.693704 1.949658
1.387840 1.667744
0.958491 1.774503
1.771145 1.506228
3.244149 2.159559
2.170945 2.054917
1.567514 1.891790
2.248922 3.234937
2.305501 1.365571
2.340043 2.487173
2.285241 3.264279
1.978971 3.089660
3.732418 1.543430
3.143687 1.448269
2.583109 2.851576
2.175723 1.646109
1.337360 1.979194
3.130747 1.003772
1.694919 3.005161
1.203084 2.820678
2.383161 2.417097
1.276346 1.455589
1.551894 1.047321
2.811513 2.695313
1.504404 1.784376
2.214596 2.075876
2.296392 1.689076
2.679168 3.183736
1.192738 0.106903
2.859377 1.240859
3.071490 1.568974
1.468489 1.599221
1.880518 1.378254
2.379310 3.407051
3.372419 1.094496
1.447008 1.909098
1.489751 3.578840
2.123948 1.849450
2.093776 2.673572
2.199270 2.508068
1.694317 2.891476
1.059093 0.884144
2.970137 1.914339
3.115922 1.734980
1.432346 0.954460
1.064765 0.485552
2.330113 2.932893
2.686786 1.773131
2.205359 3.189347
2.400591 2.917117
0.962921 0.990237
2.029796 1.507896
2.301206 2.988764
1.191247 0.992752
2.735731 3.002112
2.556462 3.310030
0.928128 1.322000
1.494265 2.669603
1.499667 0.640030
2.495440 2.984824
2.140825 2.149579
1.271336 1.933387
1.214854 1.406760
1.093239 1.559691
1.974871 2.100635
3.023310 2.911931
1.333829 1.262592
1.755949 1.728278
1.299995 2.790079
1.723384 1.301893
2.347420 2.116424
2.987033 5.017913
1.859070 2.777664
2.064592 1.645155
1.814081 1.866630
2.173484 1.310234
3.336722 2.104882
1.749444 1.714511
2.804174 2.289589
1.140735 1.785935
1.586477 2.502795
3.244438 2.954326
2.742589 2.405813
1.792087 1.675217
1.785129 1.865182
1.715136 2.859557
2.218252 1.609842
1.912695 1.726446
1.276397 2.890430
1.446739 2.132122
2.267401 2.243792
0.821330 2.940083
0.717253 0.646852
1.828150 2.573493
1.843812 1.264641
2.491076 1.835142
2.543232 2.260127
0.815859 0.409463
1.538044 2.787987
1.744140 1.574803
1.119927 1.617239
1.381062 1.701691
4.130325 1.236004
1.865909 2.353971
2.087778 2.449484
1.812940 1.210572
1.409196 2.127327
1.918009 2.053409
1.156121 1.037106
1.883811 2.007133
1.372760 1.579520
0.925840 1.524768
1.332483 1.278166
1.952864 0.616371
1.956819 1.011447
0.722572 1.959385
1.084347 1.798845
2.250153 2.901294
2.445538 1.383054
2.807701 1.033255
1.814143 2.688538
2.245030 3.877948
1.895284 2.228735
0.559308 2.268301
1.329266 1.330663
2.743802 2.515858
2.529090 1.536062
2.306217 2.376372
1.874372 1.923749
1.421008 4.125910
1.353797 1.650244
2.539337 1.766835
1.322775 1.737172
1.979346 2.048530
3.107498 3.198045
2.175201 1.932579
1.232271 0.967816
3.098508 2.311263
1.442430 1.906315
1.207419 0.956864
2.209816 3.175076
1.577137 1.142149
1.293561 2.201644
2.831603 1.149891
2.764727 3.486115
1.500775 1.563823
1.375936 2.994005
2.314993 1.700392
4.290912 2.829534
2.327280 0.234825
2.200761 1.551815
1.222463 3.051630
2.792835 1.942610
0.964398 1.747243
2.057414 1.863522
2.959806 2.870017
3.217122 3.151762
1.599394 2.124062
2.597373 2.146536
1.836399 2.258077
2.580578 1.451886
1.267880 1.754313
2.547243 1.915747
1.239393 1.373433
1.523814 1.283391
2.301083 0.803994
0.630092 3.191651
2.918551 2.094230
2.874929 2.716545
2.079675 2.934009
2.155759 3.889541
2.658301 1.874424
3.264410 2.110080
1.367367 1.520799
1.017389 2.448249
1.077401 2.112809
1.500330 2.122955
2.971982 1.861739
1.563479 1.959679
2.541460 2.250163
1.613803 2.650463
1.203912 1.420702
3.243874 1.564350
2.888760 2.564363
2.171189 2.838709
3.009971 3.023711
2.657405 2.381462
1.655308 2.292991
1.732053 2.540954
2.759136 1.948413
2.636216 2.134329
1.649899 1.839906
2.989607 2.146921
2.658680 1.813327
1.559226 3.304283
2.704776 2.141752
2.299611 0.798906
1.803435 2.707280
1.766707 4.415802
1.860236 1.601069
2.481272 1.578335
1.724183 2.172074
1.510779 1.774210
1.669402 1.297254
1.839928 3.030798
2.364995 1.516415
2.625548 2.792067
2.146279 1.239529
0.975645 1.491659
3.008102 3.062846
2.107367 1.604784
1.812313 1.006738
1.606444 0.883395
3.719073 1.899185
1.964353 1.914750
0.891942 1.303346
2.954284 2.286790
1.810902 1.645485
1.746589 3.299498
0.967387 3.004272
1.493893 2.851061
0.679197 1.234362
2.830233 2.107478
2.111763 3.606826
2.270218 1.145180
0.690922 0.812351
1.806590 1.650487
2.870350 1.914915
3.426076 1.581922
3.110338 1.229628
1.673814 2.094234
2.793801 3.121305
0.793964 0.092323
2.562167 0.986435
2.702235 1.185864
2.172098 0.993708
1.547403 1.660990
1.427308 1.719694
2.971846 4.093533
3.047100 1.672550
1.954158 2.175125
3.097484 2.368869
2.955877 2.839845
1.224891 1.820849
2.052099 2.685812
2.328433 1.817480
2.291629 4.102068
2.180419 3.069819
1.237943 1.601274
2.627503 1.502766
1.613491 3.430233
1.462426 2.833045
1.507775 1.340853
1.486397 3.079819
2.337386 1.877598
1.202523 2.747241
2.133844 4.103961
2.110946 2.613380
2.371007 2.075666
2.129129 1.279679
2.264061 1.876869
2.398400 2.687541
2.584360 2.953886
1.062284 1.098716
1.806736 2.595142
1.047906 2.952591
1.732133 2.212145
2.268149 2.258174
1.380603 1.195238
2.374021 2.293658
1.622473 2.929904
2.220039 1.572078
0.756644 1.414491
1.579755 0.864203
1.300397 1.479115
1.487505 0.123473
0.837514 2.704202
0.904510 1.851946
1.361500 1.419438
1.237264 1.323979
1.520930 1.917108
2.296038 2.908463
1.665041 3.031039
2.119029 1.734553
1.800814 3.280897
1.810535 2.355825
0.928203 2.146318
1.677422 1.565152
1.716992 4.101208
4.006049 3.158012
2.092093 1.637824
1.742273 1.174352
2.004768 1.807972
2.022216 1.571440
1.448625 1.462844
0.606221 2.109175
2.788463 1.127757
1.022622 1.837998
2.403871 1.097477
2.744875 2.632550
1.824751 1.579986
2.674310 1.866931
2.317487 3.019730
1.897252 1.567572
2.103223 3.514499
1.865871 1.590126
3.068180 2.297595
1.416154 1.274105
1.497144 1.540185
2.444287 2.080150
1.688029 2.657379
0.925250 0.978626
1.871562 1.660864
2.688739 2.359104
1.086720 2.468214
1.491260 1.219285
2.766066 0.607064
3.230287 1.401727
2.216789 1.949214
2.817072 2.781882
2.810044 1.610605
2.877465 3.338408
2.163597 1.295078
1.636768 1.226031
1.395615 1.888918
0.871451 1.935118
1.128750 1.075989
2.510525 2.595221
0.859787 1.589642
1.770226 1.687855
2.539271 2.919899
1.506152 1.023310
2.110653 1.764949
2.644371 1.755781
1.892723 0.792807
2.807790 2.148477
1.630137 1.199662
1.197031 1.713838
1.491165 1.012047
2.302897 2.807806
1.693308 2.988892
2.898134 2.293403
2.781102 1.770148
3.114686 1.944564
1.562608 1.201237
2.913663 3.251802
3.616609 3.014379
1.386860 1.530844
2.680741 1.359400
1.108681 2.911785
1.105846 1.955823
0.978340 1.692821
1.893150 1.595953
1.014375 2.474113
2.909676 2.428218
3.154105 3.346704
1.359459 3.207370
2.682021 2.539402
2.706834 inf
1.899213 2.645674
1.712423 2.257563
1.381468 2.558408
2.882898 2.666956
2.914603 2.458782
1.380229 0.747045
2.571835 1.086025
2.683926 3.510634
3.508883 3.123842
2.448518 3.324124
1.638653 1.343117
2.383598 1.274278
2.199707 2.005541
2.227892 0.098557
2.443803 1.963282
2.839718 3.773595
1.693882 1.483337
2.848766 1.496014
1.461078 1.700735
0.995459 1.245741
2.565113 2.416368
1.798639 2.462775
1.508052 1.963123
4.632864 2.885423
1.606493 1.894933
1.325619 2.726532
1.407743 2.523116
3.222111 4.215807
1.154950 1.057455
1.128348 1.784648
1.936807 3.130013
1.797306 1.903828
1.295784 1.323288
1.618993 2.678934
2.363644 2.230348
1.865790 2.297388
1.704365 3.410564
1.990696 2.863256
1.934478 3.089344
3.508050 1.663054
2.003504 1.332528
1.198098 1.302750
1.311103 2.111000
0.785009 1.845254
2.428476 3.682228
1.644138 2.366850
2.134331 2.639390
1.334652 0.951468
1.113352 1.942064
1.595480 1.821149
2.646350 2.698729
2.275349 1.895167
3.296284 1.698293
1.643751 2.001360
2.419384 1.500120
1.908582 2.132107
1.497759 3.305512
1.251651 2.903936
3.141431 2.686421
2.013437 2.112761
2.538547 1.412297
1.884502 1.994118
2.569345 2.847250
0.826954 1.421771
1.699747 0.999028
4.553602 1.641000
2.648939 1.736382
3.144131 2.702364
1.348682 1.864025
2.297227 1.967541
3.262264 2.611519
2.359681 1.755599
1.405359 0.973475
2.452063 2.563085
2.754161 1.738757
2.168456 2.390973
3.111178 2.574519
2.190061 2.488695
1.254702 1.898725
1.434308 1.655668
2.444093 2.338957
1.781464 2.054163
1.512558 1.500302
3.090698 2.110380
1.382243 1.140065
1.727534 0.222031
1.544302 1.150607
1.915895 2.349051
2.060579 3.129491
1.751650 2.713048
2.911263 4.168997
0.770816 2.808464
2.504129 2.903115
2.953678 1.641172
1.403256 1.541472
2.884909 2.740183
1.460305 2.551122
3.139132 3.133685
1.761994 1.565166
2.204958 2.168280
2.121500 2.812089
3.200441 1.897006
2.411332 2.353137
2.784661 1.359117
0.844592 2.509511
1.459648 2.808588
2.722172 1.636325
2.376775 2.123773
2.016838 2.020539
2.426650 3.179049
1.479481 1.994169
1.155131 1.619606
2.498839 1.937416
1.511796 1.848610
2.857586 3.067276
1.382418 1.751668
3.272348 3.233582
2.277710 3.238450
2.952908 3.970137
1.628955 3.670754
1.568067 1.740325
2.445242 2.029115
2.016785 1.174655
0.549290 3.866361
2.472429 1.115118
0.564714 2.042317
1.824192 2.092690
3.406193 3.371936
1.014498 2.122644
0.855584 1.618322
2.065249 2.648962
1.037768 0.893183
2.639676 1.403223
1.739251 2.539992
1.045573 inf
2.895741 0.640738
3.932512 2.082672
1.283090 2.945287
3.648244 2.213561
1.954904 2.652018
0.911359 2.686775
2.178367 1.326177
3.006899 2.545448
1.516790 2.131368
1.715788 1.671172
1.325808 2.359032
1.543079 2.026492
2.469311 3.278579
1.860290 2.534612
1.368042 2.313006
2.482886 1.479316
2.772964 2.506587
2.356273 1.233168
2.433928 2.671284
1.110275 1.162370
2.058366 1.300173
1.539594 2.397111
2.541862 2.795704
1.340879 1.247058
2.058206 1.695453
1.591840 3.659725
1.575634 1.302351
2.704124 2.195822
1.890839 1.473069
0.699886 1.862600
1.679709 1.590258
1.735344 1.780752
2.618965 1.781171
1.209304 1.108041
2.437181 2.765471
3.685199 2.383001
0.961790 2.057922
1.573715 2.303473
2.820349 2.085562
0.750062 0.661647
1.201908 0.475287
1.956591 2.862912
1.192496 1.438489
2.441307 1.656323
1.243149 1.131148
2.033489 1.683614
2.785026 2.763232
1.622375 1.837175
2.371384 0.837460
2.745300 1.105808
2.952854 2.063314
1.255172 3.704575
2.210579 2.489959
2.484535 1.746539
2.763449 1.404570
2.329841 1.441347
2.718723 3.010801
2.854018 2.994869
1.232303 1.540134
0.972290 1.820997
0.847715 1.414829
4.207148 3.243715
2.226314 2.203455
2.738049 1.141290
3.279083 2.264521
1.660329 1.033133
1.262684 2.140633
2.172130 2.290425
1.844648 1.809317
2.174470 0.803791
3.038182 1.561797
0.432349 0.871024
1.203488 0.946653
2.171143 0.474524
1.465217 2.720020
2.476189 1.540347
1.688435 1.790003
1.591067 1.585906
1.450948 1.907472
2.321458 1.589375
1.391552 1.468159
2.516006 1.509843
1.906048 1.620211
1.434177 1.574071
1.547180 1.019763
1.767887 1.978722
2.049452 1.942037
2.650462 2.482382
2.265887 1.827420
2.600483 1.226663
1.139724 1.462967
2.580607 1.922279
1.550406 1.321134
3.244508 2.298407
2.586108 1.977480
1.857866 2.280383
2.771808 1.648935
1.249928 1.363664
2.208722 1.235422
1.130685 1.404242
1.939327 2.593223
1.137308 2.495375
1.527675 1.303707
2.168474 1.092950
1.579385 2.222839
2.986016 1.024573
0.519655 1.417108
2.002253 3.285040
2.486020 1.707754
1.168275 2.378853
1.101819 1.175659
3.304709 3.077307
2.280365 1.961954
2.426489 2.930162
2.508582 1.276462
2.313858 2.950833
1.171164 2.764763
2.578888 2.525841
2.081573 1.213564
2.609259 2.918413
1.515110 1.994551
1.243078 0.914124
1.820095 2.611781
2.556368 4.125689
1.217930 2.375716
3.026575 2.059088
2.058535 2.281883
1.195521 1.335587
3.802797 2.787525
1.288068 1.320998
1.213065 1.645980
0.717349 3.086224
2.463959 2.851779
1.595154 1.288613
2.555660 1.970946
2.550806 3.132764
0.901908 1.250672
2.800413 1.840797
2.025168 1.925649
2.111227 2.570107
2.002138 1.544767
2.151306 1.433741
3.094325 2.870377
1.394809 1.246989
1.111520 inf
0.702755 1.191404
1.806783 2.366455
1.740152 0.910539
2.271745 2.109624
1.407652 1.008728
2.185510 1.547030
2.365367 1.569833
2.477560 2.816809
1.079734 3.051069
0.893038 1.363113
4.072545 1.338920
2.685887 2.495653
2.843636 1.932526
1.405483 1.854471
1.935252 2.859240
2.780647 2.435355
1.679310 1.377515
2.769054 1.982707
1.407247 1.419989
1.317227 2.902640
1.670142 1.576290
2.541670 3.206157
2.809148 2.759007
1.389721 2.357265
4.349891 1.908091
0.993092 1.093944
1.560773 2.149886
1.309636 2.571863
2.974890 1.191104
3.065717 1.789948
1.875703 2.734402
1.459404 2.419949
1.033159 1.376213
2.993263 2.890180
2.015593 2.100453
2.179976 1.360224
2.963437 2.886904
1.598233 1.716119
0.868537 1.417474
0.869914 3.083986
0.723718 2.580180
2.346034 1.077875
1.252001 3.030341
2.275931 2.412328
1.604310 2.337371
2.007906 1.477145
1.470572 3.344316
3.344510 0.654836
2.535509 1.547092
1.623001 1.253846
2.136392 1.484242
1.954100 1.825143
1.575274 0.824311
1.248945 1.927863
2.506429 3.150898
1.872443 1.239685
3.082526 1.304196
1.535940 2.201103
1.353140 0.854992
2.500589 1.644376
1.967186 0.428546
1.503996 1.097928
1.446939 1.188667
2.288313 2.041406
2.120063 1.996616
2.421750 2.756168
3.282605 0.710497
1.480850 1.415825
2.983037 2.897295
3.944138 3.312175
2.613233 1.314061
1.616067 3.141598
2.541622 2.245563
1.599772 1.657785
1.096879 1.125595
1.649035 1.719862
2.742013 0.952061
2.748405 0.529336
3.023216 2.461916
3.325834 1.579623
1.276593 2.105237
1.954578 1.576446
2.067117 1.191327
0.951967 1.078485
1.970047 1.234700
2.127177 2.803855
2.240313 4.104617
1.894709 2.282338
0.594200 2.706530
1.894021 1.898459
0.326991 1.404050
2.769527 2.042970
1.848531 1.439232
2.222278 1.190803
1.189281 1.133033
2.821704 3.275223
0.491172 2.634454
0.776789 2.543877
1.277263 1.061056
1.988410 2.746452
3.719214 1.812660
1.365972 1.639070
1.389425 2.042444
2.860113 1.904757
2.210052 2.166782
1.784007 0.822583
1.630001 1.426905
1.019730 1.221759
2.880408 1.637977
2.843293 2.558532
3.274597 3.380758
1.956503 1.789229
2.298642 2.259580
1.310228 3.112857
1.631707 1.012928
1.991685 2.329677
1.881751 2.948727
1.690447 2.324058
2.870888 2.158791
3.499913 2.506972
0.634383 2.888471
2.083351 2.154646
1.110975 3.908826
0.861411 0.942144
3.001329 2.313492
1.846841 2.196013
2.614935 3.404417
1.142572 1.942700
2.831502 2.316390
1.061622 1.528382
2.296795 2.031622
0.519288 1.008508
2.202794 1.381642
1.303722 3.610982
1.048450 2.140790
2.730723 2.782995
2.483062 1.805489
1.653442 2.254581
3.147848 1.394135
2.338751 0.965964
0.789769 1.971964
1.900521 2.194097
1.333154 3.095668
2.213600 3.177652
0.950488 0.983825
2.915214 1.249445
2.320572 2.453798
1.870191 2.565356
3.547913 2.487643
2.761700 2.303765
3.424336 2.715860
1.444435 2.168263
3.093443 2.881716
3.054664 1.785779
1.052381 2.945007
2.764564 3.194263
2.462615 2.676139
1.175355 1.137939
1.388201 1.700102
3.035544 2.034407
0.967924 0.877348
2.496050 1.990911
2.293053 2.389318
1.731973 2.625702
0.880483 1.715690
2.156857 2.876704
1.084280 2.396300
1.358754 1.540649
1.018977 1.158931
1.496353 1.921134
1.289425 2.649466
1.912975 2.591458
2.219192 1.797428
1.381571 1.450161
2.127577 2.213996
2.715471 2.998128
1.068498 0.977725
1.793835 1.496051
1.469178 1.418394
0.892307 1.241855
1.753964 1.618858
1.482094 1.528179
2.215125 2.477770
2.105409 1.757089
2.284930 2.870429
2.394659 2.166254
0.924429 2.036043
1.510667 0.980823
3.015492 1.758090
1.833922 1.180175
1.805644 1.687841
1.604336 1.742749
1.020384 2.515673
3.151267 2.599017
0.894057 0.924218
1.538652 1.742462
1.608460 1.477852
3.017848 2.378760
2.323360 1.643710
2.590911 2.485920
1.752684 1.785062
2.380588 2.069202
1.658310 1.708031
1.267494 2.484375
2.141275 1.787250
1.254626 1.989926
1.863364 1.576737
2.053105 1.289114
1.823142 1.591392
1.848375 1.503325
2.375825 2.394997
1.040164 1.203815
0.500344 2.795996
3.966305 2.658808
0.980278 1.233690
0.495281 0.453195
3.094877 3.247191
1.797950 1.207561
3.613774 2.268308
2.172541 1.700610
1.162083 0.717733
2.906385 2.516699
1.172639 1.852826
1.614733 1.701262
3.797259 2.650627
1.712779 2.992765
1.751315 1.924819
2.034776 0.921139
4.743644 5.751968
1.591803 2.004224
3.091405 2.246252
2.787728 1.317320
3.299637 1.182665
1.061388 1.944147
1.768382 1.537876
1.629336 1.367581
1.253661 1.147005
1.891318 2.051330
2.442485 1.840453
2.691497 2.429487
3.723301 2.112631
2.083643 1.300710
1.241554 1.202697
1.464516 2.411492
1.630365 3.597686
2.009073 2.662877
1.093568 4.721353
2.172459 1.689270
1.891248 3.606030
1.868579 1.467176
1.213367 2.042852
0.759308 3.559618
1.471570 2.955853
2.142905 1.636049
1.210666 3.244540
0.829068 2.051405
0.849849 0.434463
1.303812 1.141112
2.022118 2.231075
2.252994 2.614098
2.999766 2.732509
1.878613 2.165051
0.936180 0.981821
2.355463 0.690900
1.618515 3.130335
2.738253 1.447525
3.084336 1.406093
2.455514 1.081473
1.280284 1.031829
2.623563 2.026313
1.863035 1.709148
2.621514 2.787993
1.444270 3.495128
2.577080 0.944299
3.595571 2.238788
1.948290 1.983316
2.637160 3.760654
3.163809 4.059786
1.462839 1.802329
1.688683 1.822047
1.845178 1.654059
1.167633 1.728400
2.196475 1.623010
1.845246 2.665395
3.435037 3.446157
2.154258 2.369720
1.462477 3.066592
1.747582 2.153978
1.277227 1.642838
1.987861 2.998098
2.221278 3.643489
1.659137 1.964873
2.540335 1.082264
2.460257 2.069835
2.408120 1.823991
0.838678 0.271458
1.683605 2.313128
1.578234 1.716849
1.078291 0.623257
1.838738 1.243195
2.614732 2.656405
1.462064 0.787184
2.424167 1.952994
1.294058 1.643618
0.999912 1.373639
1.487810 3.093163
2.527936 0.838677
2.985569 3.235214
2.095068 1.482978
1.842621 2.737491
2.854304 3.102214
2.173631 1.368285
1.147497 1.589815
2.473270 2.786758
0.886841 1.452291
1.439415 3.255618
2.638097 1.150267
2.421213 3.081705
1.714441 1.565923
1.327478 0.786500
1.070966 0.934734
2.574833 2.589779
2.546159 0.661663
1.273130 1.091097
0.841635 1.198966
1.411695 1.295613
2.353681 2.144327
1.539011 1.775635
2.752864 3.000448
1.648780 1.362887
1.694217 1.409091
1.899931 2.715845
1.468889 1.678070
1.181102 1.901447
1.465380 2.728446
1.590889 1.713451
1.531596 1.513955
1.617538 1.992995
2.259611 1.968381
1.676205 1.420654
1.522052 2.018365
2.131277 1.141350
3.090727 1.360738
1.543461 1.760449
2.025077 2.981320
1.105397 1.639753
2.403824 2.978075
2.525564 2.317445
2.795655 2.775588
1.297870 1.657513
2.798296 3.074605
3.939976 3.104434
2.626789 1.210469
2.848657 1.322975
1.872308 1.479292
2.121254 1.196157
2.919555 2.168061
3.385459 1.666203
1.506333 2.132424
2.847716 0.825700
3.112056 4.091792
2.053361 1.589990
1.326244 1.990200
1.397564 1.102342
2.250785 3.060966
4.410698 3.593837
3.264986 1.029459
1.948111 2.802315
1.167954 1.225244
2.106917 2.182105
0.646700 2.564694
2.168355 2.225748
2.111060 2.153938
1.326983 1.572452
1.495819 1.159810
1.342204 2.954598
2.147043 1.105682
2.541286 2.394257
1.731720 2.573172
2.383944 2.350451
1.521042 2.670111
2.777200 1.540534
0.641881 1.648176
2.474622 2.473789
2.577764 1.872026
1.766759 1.036158
1.410905 2.191254
0.758977 0.548234
2.756536 2.260906
2.084792 2.791648
0.714675 1.826632
2.121501 1.912179
1.477278 1.103029
1.827814 2.189371
1.536057 1.673667
1.440007 0.700368
2.616828 2.276676
1.106878 0.473897
1.062155 2.511814
2.403320 0.563762
1.395808 1.346148
1.171140 1.123467
2.104582 1.588400
3.837592 4.451426
1.915873 2.532475
2.106542 1.532119
2.354627 2.202622
2.815394 3.047014
2.577424 1.939618
1.837703 2.765054
1.277190 2.338304
0.631173 1.347612
2.160929 1.962498
1.334833 3.245526
2.287933 1.981730
3.293811 1.578671
3.283779 2.272620
0.590698 0.586271
1.945432 1.351946
1.645019 1.928296
2.741273 1.142660
2.809803 1.228715
1.690380 1.746137
1.354881 2.471791
2.575026 1.892560
2.063579 0.742538
1.210130 2.103200
1.673943 inf
1.728123 1.334972
2.650063 3.094455
3.009261 2.461453
1.815519 2.437607
2.644357 2.239457
3.062762 2.924638
2.411730 2.771309
2.849951 1.985641
1.759575 2.078514
2.124301 1.108138
2.413144 1.515855
2.323480 2.660864
3.177726 1.934807
1.954424 1.247348
1.939869 0.503817
2.131122 3.149956
0.812516 4.100126
3.047045 3.255625
1.370370 3.288365
1.186381 2.838423
2.151967 2.599442
1.425326 2.287762
2.281095 3.588011
2.579712 2.405081
0.623519 1.025065
1.884062 1.023246
2.370345 2.423214
3.403085 0.954361
1.015497 2.908883
1.065533 1.085320
1.893198 0.721805
1.721547 1.098829
1.751603 2.918556
2.171102 1.484088
0.779591 1.556131
2.973497 1.998736
1.726917 1.724084
1.315765 1.701334
2.906198 2.930621
0.840812 1.563294
2.025031 3.617944
1.832017 2.397125
1.891133 2.652146
1.996258 0.110947
1.749691 1.409538
1.054829 1.184958
2.023479 1.162215
2.061594 2.857485
0.735328 3.340221
3.613977 1.224323
0.976967 2.437197
1.240589 1.548752
2.359340 1.153432
1.916005 2.024605
2.595748 1.402751
2.509451 2.072372
1.274404 1.743406
0.717249 2.544459
1.699769 2.720817
2.213563 2.500598
1.697826 2.085434
2.296199 2.138437
3.030454 1.899642
2.042352 1.950765
1.085297 1.498448
2.017119 1.342107
2.595657 1.303734
1.289157 1.726772
1.548575 2.931034
2.484655 3.026634
1.625940 1.631391
1.672399 2.400650
1.795153 1.502987
3.749225 2.213755
2.910275 1.963020
1.239213 2.242606
2.346115 2.628263
2.855150 3.828496
3.233724 2.519658
3.031306 2.933168
1.709456 1.410156
2.668673 2.594311
1.494220 2.428159
1.234598 2.043569
1.119053 1.285178
1.822255 1.262437
2.084843 2.305279
2.723302 2.809466
2.023309 2.564560
1.477284 0.978676
2.011605 1.652205
1.077955 3.129540
1.997713 0.794299
1.337065 1.725740
1.618939 2.318554
0.753687 3.844424
1.928065 1.734963
0.900892 3.399380
2.195828 0.831906
1.329156 2.635273
1.000799 3.158397
0.596605 3.199562
0.905195 2.076789
0.940942 1.186407
1.459709 2.163934
3.026648 2.383536
1.101888 1.727793
2.122359 1.423841
0.926477 1.771860
1.794799 3.764057
1.653002 1.478468
1.581381 0.994301
2.772618 1.621044
1.796289 1.827615
2.698565 1.279691
0.819628 1.799508
1.605070 1.757043
2.629497 2.686482
2.852410 1.837389
2.298395 2.497015
4.121458 1.987430
3.110830 1.769145
1.911746 1.982674
2.182053 2.341875
1.386173 1.593309
0.763196 0.664886
1.363026 0.973750
2.172838 2.408073
3.297891 2.866935
2.131613 0.995552
1.411899 1.213694
1.152443 1.019261
1.244944 1.310237
2.517769 1.206506
1.083121 3.435026
2.874681 2.435707
2.302695 3.109840
1.549051 1.335682
1.876660 2.334599
2.146934 2.629527
2.931621 3.763453
2.886536 2.277070
1.920187 2.847856
2.507414 2.950265
2.011524 2.382644
1.625532 1.466018
1.353900 3.154002
1.760859 2.357049
1.507854 0.670852
1.206640 0.807892
1.443918 1.411498
1.333213 1.883676
0.355537 1.335661
2.330283 3.208600
1.532586 0.832588
1.928681 2.107552
1.714471 1.550319
2.115762 1.387909
1.480685 1.172889
2.466044 4.150832
2.370629 2.631375
2.963969 3.891011
1.971856 1.568773
0.759515 2.345134
1.635785 1.639883
2.559624 1.238672
2.131826 2.088638
1.493314 1.537281
1.239687 1.442337
2.289965 2.069275
1.001240 1.129753
2.069929 2.116515
0.977240 1.537390
2.641115 1.965015
3.691725 3.274778
1.161853 1.516564
4.644799 3.586634
2.211859 2.276592
1.590042 1.788500
2.999770 3.474548
2.997601 2.689888
2.274040 2.239658
3.236482 1.847852
0.969987 1.143715
1.414590 2.478994
2.075613 2.061328
1.621588 1.341138
2.280885 1.730284
1.259113 1.205453
1.720422 2.623113
3.273761 1.633929
1.289785 1.279259
3.214257 1.382366
2.121483 1.597601
3.142785 1.761547
3.133685 2.871257
2.213437 2.079770
1.656428 0.394021
2.166455 0.777071
3.180809 3.415965
2.554260 1.912584
2.025307 1.169059
1.592184 1.242734
1.600216 2.483378
1.513580 2.436867
2.896023 1.074597
1.255693 1.818191
0.340179 3.161029
2.928551 3.007401
3.291970 5.640162
2.124648 2.265893
0.875369 2.100280
3.113739 1.124277
1.981815 2.946306
2.068859 2.902943
1.697862 1.245905
2.039738 1.199785
3.024690 2.357887
3.102610 1.990721
2.975538 1.198920
1.810244 1.018233
1.426650 1.699005
1.179639 1.866926
1.883957 2.070608
1.183966 1.699237
2.211840 3.118376
1.720144 1.196885
1.581086 1.504220
3.310723 0.761820
1.363192 1.981643
2.192189 1.195197
1.927666 1.426819
1.566480 1.743970
2.709402 4.366090
1.688034 1.103386
1.893797 2.258779
3.718551 1.491550
2.836783 2.833068
1.457337 1.623709
1.715296 2.430354
2.712858 2.572864
1.179310 0.948033
1.821657 1.232522
1.062191 1.682158
1.826140 1.382887
2.693812 3.675557
1.433139 1.348354
2.270740 2.827110
2.069852 2.769289
1.706747 1.767081
1.678608 2.226192
2.018059 2.482642
0.792914 2.206433
2.608436 2.291285
1.659658 1.603251
1.882302 1.095560
2.320815 2.388151
1.406452 1.182209
0.844993 1.646900
3.070841 1.919803
1.126975 2.323148
2.913570 2.499189
1.562082 2.544940
1.372457 1.374732
1.180619 1.340601
1.602120 1.343659
1.667303 2.751542
1.707801 1.621296
1.391136 0.933280
1.049274 1.149768
1.035860 2.795338
2.273939 2.051599
2.144429 2.953052
1.565086 3.144984
2.705101 2.967607
1.124244 4.001908
3.064730 1.089742
3.336048 2.170511
1.871272 1.163756
1.196322 1.676608
2.913748 1.707346
1.750159 1.681971
3.479866 1.434954
2.339191 1.735914
2.698937 2.169751
1.332672 1.614412
1.396986 1.928570
0.615311 0.986996
1.072977 inf
1.623714 1.498483
1.800345 1.945671
2.501034 2.767940
3.229916 1.812530
1.774047 2.813330
0.746606 0.837504
0.417123 0.943695
3.411972 1.031381
3.275914 1.718931
1.440938 2.131038
1.423537 2.255999
1.629574 1.308394
3.235852 4.172824
1.706802 2.268154
1.917452 2.019477
1.853593 2.233739
1.832489 1.960316
2.138938 2.135940
1.626510 1.549706
2.658550 1.739364
1.837836 1.212466
1.986986 1.353051
3.259794 0.720306
1.752699 1.872830
2.484479 2.275597
1.280418 1.771790
1.229668 1.621812
1.016061 0.949344
1.615400 2.861815
1.086655 2.656542
2.769841 2.677673
3.302493 3.036257
1.742405 2.386882
3.143406 1.521604
2.648854 2.785598
2.031042 3.128980
1.350458 1.509325
3.197100 3.071087
2.369766 3.367182
1.364849 1.741153
3.623303 2.981413
1.767689 2.030747
2.999062 2.768467
1.346688 1.580338
1.769024 2.351535
1.220098 2.320680
2.186452 2.808456
1.876112 2.661858
1.574419 3.023003
2.143509 2.898058
1.582049 0.952976
3.574323 1.291076
1.697222 5.042907
2.577520 2.303474
3.082785 1.651467
3.483567 2.516712
2.544573 2.487676
2.931161 1.261778
2.264175 1.784721
2.378278 1.247511
2.512719 1.836103
1.630379 0.831788
0.923046 1.626887
2.301646 3.255246
2.666305 2.145895
2.086457 4.147463
1.441973 1.113061
1.775507 2.291986
2.378996 2.053164
2.090494 1.497264
2.393313 1.299159
1.285720 1.447791
2.727688 1.736693
2.168886 2.845887
3.318151 2.385460
2.427546 2.640436
1.160014 1.693593
3.004945 3.139827
2.546718 1.562932
1.324284 2.805252
2.939138 2.848693
2.324637 1.197611
2.270707 1.478912
1.387387 1.857012
3.193830 3.357068
1.908876 1.789338
1.516353 2.810547
1.998807 2.959963
3.529923 1.764543
1.516564 1.142763
1.218489 1.904012
2.163218 1.528978
0.794245 4.091044
1.431387 0.354877
1.101416 1.464013
2.729814 1.099079
1.571457 1.387863
2.104580 2.182767
1.932094 1.068786
3.171312 2.858305
2.133382 3.124785
3.669441 0.164712
2.967045 2.521740
1.209748 0.153901
2.434909 1.687212
1.143758 3.183931
2.406997 2.902897
1.863039 1.866199
2.056624 2.380169
4.060846 1.898646
1.985806 1.707538
2.597972 2.143331
1.168230 3.249326
0.686725 2.904744
2.375319 2.341341
1.192517 1.560833
1.675439 1.573855
1.339881 1.718639
1.939538 1.399879
0.972769 0.991526
1.897879 1.591062
1.782367 2.018394
1.558158 2.654625
1.576335 1.606827
1.876330 2.007039
2.554473 2.687994
2.659116 2.217834
6.413659 3.240862
2.548114 1.878335
2.401767 2.981410
1.720552 1.625068
3.547668 3.664335
3.448968 1.831877
1.285722 1.274282
2.640624 1.919886
1.397451 1.072584
1.560875 2.204794
2.500489 1.439474
1.740066 3.422270
1.423051 1.364968
2.209147 1.514852
1.913734 4.180761
1.677057 1.195058
2.771486 2.094399
2.665436 1.917668
1.007603 1.502382
1.799931 2.635340
2.628608 0.563595
0.742524 2.102645
1.761392 0.892840
2.752896 1.786584
1.629000 2.804916
1.640355 1.241684
1.146752 1.443207
1.954190 2.095840
1.317245 1.617021
2.570281 1.601816
3.108324 0.933143
1.783657 3.797780
2.536804 2.184156
2.251621 1.763367
3.118855 1.081211
1.249394 3.182321
2.067369 2.836962
2.610581 2.206738
1.423943 1.428404
2.141396 1.625807
2.515227 1.940636
3.201851 2.548440
3.235424 2.571154
1.246405 2.199387
2.011387 0.288438
2.742341 2.843166
1.514118 1.661914
1.094117 1.363382
0.940743 1.289254
2.643337 0.577768
2.254539 1.769610
1.435445 1.880700
4.000360 2.968569
2.159203 1.000587
1.480209 2.885000
1.142470 1.212237
1.054817 1.381364
1.332653 2.579965
3.104631 3.236529
1.730487 3.415182
2.192606 1.912088
2.830165 2.733687
0.481697 1.070248
2.603183 1.570041
1.159232 1.471799
3.186738 1.752650
3.062142 2.820794
1.681729 1.790849
1.721538 1.754220
2.679251 0.444315
1.823480 1.281690
1.834272 0.805453
1.553690 0.871373
1.554152 1.177532
2.802983 3.565143
2.106643 1.941095
1.959766 2.427060
1.481408 1.756648
3.035658 3.177128
1.636786 1.809357
1.340639 2.080011
1.468985 2.016636
1.194908 2.690483
3.054630 2.557601
1.412283 0.990779
3.293033 3.188699
1.729684 1.404098
2.771677 2.566330
1.519996 1.266983
2.592817 1.541242
1.522225 3.036162
1.734222 1.423116
2.113495 3.103651
2.708828 1.765939
2.774632 1.642671
1.712663 1.516402
1.196015 3.350792
2.604545 3.124351
1.709849 1.187443
1.625675 3.036609
1.874783 1.417563
2.082767 3.484378
2.323455 0.726715
0.855736 inf
1.247419 2.188839
1.901561 1.618232
2.099360 1.782001
3.204207 2.476841
1.351637 0.323412
1.281750 1.598631
2.692122 1.390862
1.481232 0.826019
0.710025 0.317355
2.443920 2.404121
2.033739 1.374110
1.492702 2.474357
2.276147 3.046387
1.250921 2.221962
1.068957 2.885686
3.333310 3.061902
3.701419 2.671233
2.667211 1.571689
0.873812 1.270372
2.110761 3.021945
2.644308 0.409568
1.886981 1.830836
3.255334 3.172333
1.345440 2.107782
2.031878 1.506770
2.351473 0.543934
3.221915 3.537834
1.147773 2.892065
2.590488 3.331534
0.885175 2.610303
2.071785 1.857026
3.166326 1.123438
1.500501 1.976581
2.248477 2.628505
2.622997 2.619111
3.221526 2.627454
1.713310 1.272922
1.976601 1.690850
2.314651 0.466376
3.126263 1.850061
2.799927 2.553327
1.391343 2.366842
1.688448 1.551785
1.730364 1.529201
1.499136 1.055102
1.320088 1.394151
2.865286 1.532945
1.030046 1.484414
3.416085 2.322858
0.504245 0.186220
1.874926 2.621324
4.238764 0.444180
1.338962 1.995884
1.904077 0.494702
2.757212 2.707722
1.812083 1.972714
2.493664 1.989911
2.409541 2.101379
1.721107 1.811671
2.357946 1.428757
2.053861 2.787304
3.707660 3.622547
2.067192 1.839706
3.856664 2.942240
0.485318 3.116839
1.635638 2.533202
1.945187 1.890615
1.449671 1.406292
2.248282 1.489569
2.696221 2.083997
1.419697 2.263410
1.787806 4.238629
1.417367 1.940824
1.504753 2.267460
1.557659 1.416042
2.914133 2.789838
2.555091 1.914786
1.591395 1.431910
0.756705 1.698767
1.540045 1.877985
1.679960 1.891821
1.756320 2.465143
2.553346 1.380639
2.515988 3.050316
3.229716 3.123791
1.889316 2.476143
1.981259 1.487563
2.881394 2.103088
1.361647 3.185719
1.350960 1.621834
2.606408 3.801703
1.175965 1.159795
1.353322 1.346689
1.864303 2.504597
1.649325 2.482956
1.219597 2.880682
1.626981 1.988455
0.806414 2.126106
2.841367 3.170328
1.218381 2.011159
3.827583 3.012714
1.697206 0.542944
0.915386 2.568932
1.053897 0.970810
2.412646 2.266533
2.580670 3.166917
1.881791 1.350287
1.922339 1.861455
2.728181 2.183882
0.596808 inf
1.564245 1.326316
1.698565 1.806980
2.453134 1.088408
2.463922 1.026877
0.966953 3.247827
2.174736 1.808029
0.915086 3.484080
1.726358 2.010448
1.918148 1.418692
1.743244 1.518226
2.037206 1.310977
2.192518 1.730119
1.509841 2.428962
2.785583 2.693017
1.136556 2.866247
1.556491 2.334548
3.215960 1.943928
2.426935 1.767776
1.291907 2.560351
1.147362 1.914456
2.211471 2.398582
3.743322 1.444553
2.104405 1.067576
3.043087 2.323015
2.521672 4.167721
2.242147 2.255163
3.327105 1.668518
1.467262 2.918453
2.382046 3.679402
2.607330 1.951813
1.516126 2.064168
1.699724 1.485502
2.079608 2.990103
1.754687 1.425397
2.484414 2.875830
2.934005 1.218987
1.605216 1.245337
1.504188 1.968184
3.153776 2.255945
1.792066 1.654710
0.988048 1.741847
2.845860 1.524403
1.179263 0.751143
2.365359 0.278663
1.598560 1.643450
1.092474 1.307881
2.030118 0.382146
1.955446 6.845055
3.579867 2.780489
2.993901 1.148071
2.334370 1.756716
1.257967 1.530287
2.933183 0.435775
3.239532 2.202053
2.501441 2.402738
0.959374 1.310544
1.124617 1.703343
1.757974 2.703914
1.630696 1.371238
1.316993 1.337099
3.251539 1.668333
2.279113 2.625316
1.855003 1.442486
2.154319 1.752039
2.317855 2.480676
2.211159 4.650120
2.471123 1.812990
1.137677 1.337960
2.875473 1.240883
3.177707 1.819379
2.206274 0.979601
1.604141 1.380295
2.427387 2.715707
1.454713 1.826602
2.136675 2.150364
1.744275 1.247173
3.905860 2.995641
2.920449 1.958388
2.349161 2.536441
0.668315 3.877458
2.618351 2.734485
2.544111 3.044335
2.039891 3.769859
3.108014 2.810806
1.488463 1.972951
1.005642 1.121781
2.064651 2.562533
1.536958 1.839721
0.368990 1.396396
2.680192 3.653028
3.083661 2.841336
1.587056 1.737306
3.485380 1.323552
0.410618 2.474472
2.158646 2.257241
3.086348 1.391640
1.976264 2.389957
1.667345 2.707804
1.526253 0.714756
1.172925 2.177563
1.342009 1.338728
3.253651 2.877627
2.869808 2.806986
4.383517 2.647478
2.365710 1.573986
2.344276 1.583552
2.941166 1.821764
1.081791 1.288507
1.700226 2.853279
2.544827 3.042907
1.275940 2.256903
0.849416 2.411323
2.500652 2.058980
3.025131 1.698428
2.443579 0.325992
1.052925 1.804461
0.973288 1.439535
1.683241 2.029174
3.103783 5.092954
1.697264 1.853148
0.979500 1.194399
1.545421 2.178814
2.913924 1.584890
0.212582 1.643641
2.073316 1.388777
1.073094 1.232461
2.420724 2.272832
1.689490 1.539349
1.932811 0.979743
1.018150 1.331876
1.922936 2.723279
1.617087 1.112394
1.551020 2.260425
2.457927 1.645159
2.725359 2.208803
1.305692 1.540824
1.996502 2.607735
1.756381 1.486905
3.073851 2.590582
2.831420 1.923499
1.496512 2.124555
2.091097 1.921953
2.446949 2.045347
2.776531 4.092993
1.867731 1.501155
1.315796 2.520869
3.039941 2.056837
1.510528 1.767197
2.993128 2.874383
2.487535 2.275184
0.626481 1.541290
2.099274 3.073439
2.287808 1.885533
2.638022 1.998201
1.407890 1.512016
3.017114 0.766255
2.699237 3.254504
1.481427 0.389012
0.764486 2.110970
2.720070 2.772253
2.036496 2.338593
1.600469 1.985906
1.697091 1.697358
1.303330 2.749810
1.264318 1.331088
1.976978 1.293139
2.475886 1.893111
1.604200 1.725906
1.137905 3.126557
1.605102 1.293124
2.503058 1.095989
1.699691 3.291858
2.260297 3.449426
2.461195 2.614042
0.794792 1.825809
1.263474 1.157294
2.264468 2.723305
2.004547 2.727861
2.420864 1.685534
1.434585 1.160233
0.966988 1.947049
1.505594 2.149081
1.618136 2.799686
1.886221 1.240907
1.174303 0.719297
3.125701 2.534651
2.107852 1.994731
0.841137 1.458526
1.666573 2.136550
2.155167 1.595566
2.705421 2.012934
1.174236 1.268103
1.442785 2.585057
1.204128 2.647281
2.125467 3.258197
1.483052 3.517687
2.063155 2.475512
1.276543 0.471712
1.581543 3.191195
1.546086 1.658224
1.285970 1.569533
3.080346 2.366364
3.950855 2.975971
2.842993 2.202261
1.224156 2.412058
1.339105 1.357328
0.639287 2.072642
2.283233 2.930691
1.925231 3.145528
3.011002 1.686159
0.753320 0.983047
2.045072 1.636362
1.393985 1.799058
1.036142 1.148877
2.868754 inf
2.203812 1.819225
2.719210 2.721878
1.748342 2.281757
0.648078 0.317568
2.438751 2.255100
1.134227 1.353357
0.988423 1.747909
0.518375 0.449252
1.598831 1.403489
2.003784 1.582773
0.915529 3.545794
1.420871 1.269034
2.422451 2.801688
2.689152 2.066491
2.349906 1.239890
1.030725 2.369716
2.838909 3.531071
1.006872 1.397451
1.035755 1.872914
3.424563 1.644899
1.885611 1.569288
2.992712 2.177696
1.038535 1.241201
2.152107 2.504512
2.479584 inf
3.278871 1.992678
1.444849 1.058929
2.277374 2.303200
1.340865 1.595932
3.310359 2.472188
3.048760 1.973244
2.327358 1.398844
1.515766 1.265010
2.024492 3.521326
2.960933 3.064148
1.817769 2.836284
2.074829 1.519683
2.425857 2.286836
2.370095 1.252043
1.568144 2.303727
2.150679 1.274550
0.872419 2.064073
1.438161 2.444326
1.419034 1.395687
3.209908 3.215502
2.157086 3.708004
0.990203 1.802936
1.882576 1.001086
2.665817 1.206110
1.921126 2.329105
1.520518 2.060463
2.700644 2.831337
1.852905 1.593562
2.021433 2.684529
1.319135 2.583535
2.142885 1.955824
1.942832 2.319963
1.439636 2.722051
1.636960 2.531899
2.621837 1.317041
2.593372 2.063574
2.197716 2.290378
2.609456 1.610500
2.326496 2.387755
3.087933 1.344692
1.054959 1.784646
2.187295 1.574968
1.185405 1.565592
2.547135 1.842711
1.644453 1.481889
1.592292 0.336925
1.448481 0.714922
2.158450 1.137724
1.777841 2.895277
1.750590 1.305779
3.781035 3.349752
2.477251 2.221010
1.379278 2.511702
1.974553 1.791158
4.221408 0.833446
1.817286 0.736681
1.345065 1.322352
2.723572 2.134484
1.485961 2.723478
2.489686 1.855705
2.875585 2.224880
2.790315 0.728590
1.611193 1.628155
2.892997 1.684183
1.924342 1.778303
2.809790 3.511056
3.761590 2.554587
3.373020 3.245703
2.676658 1.076972
2.760622 3.124928
2.721344 1.458584
1.862665 1.603180
1.939876 2.144812
3.137095 3.132864
3.137775 1.717901
4.393167 1.189394
2.164481 2.106215
2.984441 1.292568
3.389384 1.516864
2.449307 1.184229
3.116954 2.556147
1.576109 3.385058
1.784785 1.797445
1.330496 1.112314
1.750776 1.277202
1.589990 1.706006
1.446592 2.215703
3.020128 1.860623
3.209393 1.496297
2.467736 2.526582
2.034004 2.975041
2.172374 2.610080
3.044126 0.856795
2.215383 2.541430
1.140442 1.120883
2.493986 1.897383
0.459391 0.192449
1.439368 0.953126
1.401680 1.930682
1.121790 2.731727
1.275239 1.045185
1.678289 2.175474
1.729048 2.608916
2.652090 3.124857
1.708608 1.132290
2.596761 2.763517
1.614392 2.021649
2.912926 3.135726
1.181331 3.095873
0.927317 1.657420
2.135297 1.775325
1.409948 1.396562
3.052167 2.448788
3.192024 1.948883
1.241473 1.843970
0.613793 2.815231
1.628587 1.554626
0.936582 2.279194
2.423156 1.956239
2.831606 1.332874
2.528966 1.242200
1.865983 2.821026
1.008488 3.081055
2.659951 2.419150
2.476315 0.746566
1.585673 0.817965
1.614947 1.816977
2.135566 3.102611
1.594573 0.947856
2.109431 4.586193
1.094218 3.115134
1.669292 2.144870
2.484163 2.033820
2.325051 2.573760
1.136863 1.430668
2.843903 3.916925
2.922997 3.130524
2.418940 3.003425
2.673690 2.083000
1.522838 1.424294
1.259962 2.429402
1.599618 2.866036
1.867044 3.109716
2.111021 3.367501
2.120764 1.847355
2.984948 1.876820
1.621694 1.571132
3.006560 3.078896
2.549475 2.432678
2.355787 1.926628
2.491758 2.218721
3.107466 2.055078
1.406668 2.178474
2.128366 2.118767
1.335089 1.180893
1.095030 1.570040
1.084578 1.686139
2.311733 4.344008
2.930904 1.671072
1.112887 2.417361
2.382127 2.235657
1.414291 1.609156
1.851297 2.631727
2.245768 2.603541
1.417927 2.132269
2.572336 1.622987
1.814608 1.707530
2.232696 1.914779
1.648970 1.923335
1.617985 1.863817
1.053238 1.037308
0.986253 2.043472
1.625050 2.346252
1.543430 1.331919
1.086173 1.154112
2.129521 1.615404
2.458435 1.941779
1.314407 1.192423
4.043905 3.125774
2.249238 1.913528
1.355326 1.317191
2.844615 2.458512
3.054450 3.615931
1.359207 1.642057
2.919789 3.122877
2.274020 2.507154
1.102387 2.111900
2.753843 2.337993
0.925686 2.898293
1.120591 1.299082
2.807403 0.567991
3.811864 2.621594
1.817901 1.973420
1.415339 2.204732
0.531126 0.226003
2.214476 2.281582
1.988296 1.835527
3.122879 2.350362
1.417600 2.036839
1.731173 2.595792
1.988582 2.190891
3.453983 2.582964
2.565354 2.404738
2.396208 1.828537
1.798153 1.440547
2.308112 2.545455
1.770912 2.575353
1.288658 1.185495
2.111928 2.728190
2.280270 3.108535
2.116748 2.685085
3.040170 2.465248
1.950909 1.676769
1.575235 1.290535
1.899588 1.481042
1.800261 1.928824
2.108485 1.381985
0.802751 1.277251
2.631777 2.792367
1.663342 2.418903
1.359324 1.055103
2.426252 2.928542
1.297648 1.260188
1.514892 1.467136
1.808948 2.807224
1.453852 1.724536
2.039411 1.087635
3.761240 3.241138
1.470461 2.438193
2.479723 2.512395
0.934692 2.450116
3.209506 3.132488
1.090377 0.881290
2.415764 1.728283
1.871565 2.895633
1.992219 1.491488
1.526035 1.904439
3.549953 2.473575
1.745847 1.902288
1.054223 2.170604
3.901669 2.323792
1.833600 1.455953
1.705685 1.872037
1.291263 1.197145
1.341439 2.950485
1.821370 1.365918
2.534717 2.744428
1.623075 2.882128
1.074880 1.657223
1.566638 0.591501
2.359306 2.196436
0.816342 1.990846
1.383726 1.003484
2.861362 2.409594
3.149803 2.623561
1.747730 1.874378
1.116340 0.977352
3.245723 2.126032
1.042700 3.088158
2.254359 1.768075
1.435589 1.518503
1.173142 1.923647
2.976950 2.001342
2.269934 2.711689
2.194524 2.041324
3.539871 2.691882
1.569217 1.549059
1.463505 1.256400
2.658762 3.700527
3.001495 2.256171
1.050540 0.898945
3.697369 0.615572
0.441672 0.529687
3.035022 1.859616
2.548550 2.551970
1.579797 2.907030
1.850369 1.327074
1.917836 1.582471
1.911188 2.756075
1.865191 1.744685
0.769797 2.473469
2.568428 0.837086
3.111041 3.093887
0.726564 0.333124
1.519775 1.642207
3.427254 1.311084
1.445363 1.514655
2.943021 2.827618
1.540226 1.282624
0.465496 2.055089
2.638489 1.271595
3.519899 2.600295
1.527039 1.489637
1.070956 1.291415
2.160750 2.235256
1.181758 1.260393
1.852561 3.677721
2.157160 1.344680
2.481333 1.589990
1.245838 1.346774
1.551491 1.276213
2.369389 1.609943
2.244592 3.001909
1.087168 1.939742
2.637300 1.565426
2.092212 2.668174
1.288310 2.325319
1.353474 0.815298
1.811289 1.878772
3.542234 1.988250
2.356642 1.618729
1.315677 0.071809
2.671401 1.253051
4.200641 2.909927
0.479820 2.168685
2.539695 2.864176
2.754228 2.848590
4.202660 2.484266
1.953663 2.962684
1.564079 2.295609
1.832391 3.217464
2.948604 2.547531
1.702786 1.348098
1.867282 1.445483
1.156353 0.584383
1.065686 1.920417
3.058812 0.693834
1.102707 0.885766
3.045722 2.544234
1.677400 1.932818
1.798133 2.341581
0.965446 2.878514
2.442931 1.202490
2.217311 1.676297
2.541018 2.933464
2.344543 1.965284
0.991365 3.065372
2.861873 2.505988
1.035960 1.432156
1.485729 3.324062
2.027542 3.435802
2.158575 1.296432
1.270567 0.984572
1.540681 3.074668
0.953546 2.223799
2.734993 3.101770
2.035894 1.391896
2.482995 2.693156
3.241904 2.412046
2.939074 1.130543
2.599758 1.152574
2.608991 1.429338
2.758497 1.818534
2.502501 3.666948
1.955599 1.879024
1.407989 1.249175
2.168015 1.867570
1.801932 2.775157
1.216147 1.527016
1.858067 1.798198
2.662925 1.551758
3.156392 3.621294
2.094239 2.706017
2.913534 2.799775
2.873053 2.430019
3.124444 2.680314
2.023806 3.136099
1.683500 1.517978
1.314442 2.210546
1.814180 2.832383
2.832798 3.514067
1.227952 1.451743
2.793037 2.578832
3.026345 1.554822
3.337779 3.543749
2.509085 1.159719
2.079200 1.496504
3.490167 1.006122
1.986163 0.847904
2.457418 2.299094
1.020315 1.238663
3.098707 1.695481
1.685305 1.784945
4.342332 3.943552
2.252927 3.014663
1.074339 1.096077
1.697361 1.577460
0.671945 3.024881
0.817111 1.522568
2.014733 2.762003
1.365717 1.234246
2.435942 1.323414
2.872591 2.725371
0.667866 2.627358
1.628347 1.363795
2.993785 3.580896
2.285061 0.949319
0.968847 1.008198
3.117932 1.955886
1.238824 1.358536
1.106623 1.182203
2.481611 2.184749
2.397073 2.063396
1.709427 3.709088
1.673922 1.602709
2.955752 2.735950
0.830080 0.563772
1.399634 1.524986
1.210791 1.831567
3.155244 1.356281
1.233926 1.191685
2.410408 3.461762
2.516227 2.829584
1.690880 1.408231
3.556808 1.732210
0.777982 1.694778
1.688377 3.223730
1.483546 1.345169
1.344167 1.451427
1.489613 1.875550
2.075704 1.638883
1.764482 2.019264
1.417023 1.201084
1.428231 1.402722
1.400204 1.225423
2.035060 2.247910
1.576848 1.992783
1.947174 1.089738
1.053753 0.920455
1.265242 2.450918
3.027144 1.542323
1.602267 3.080213
2.458663 2.105632
2.784869 2.279309
2.530299 2.955244
3.410257 3.059847
1.721931 1.663184
1.602128 2.903643
2.831611 2.900208
1.784539 1.544419
2.378805 1.751548
2.316989 1.421378
1.546789 3.023135
2.640373 0.908341
2.103064 2.981115
2.703746 1.382294
1.726751 1.723401
1.635011 1.716113
2.833322 2.159468
2.334959 1.728419
1.915616 3.117403
1.423283 1.432758
2.383558 2.035044
1.951820 1.639507
3.062116 2.500101
2.109995 0.890061
2.668794 3.111981
2.563339 1.300467
3.140627 1.894830
1.507252 1.404007
1.121517 0.621410
2.454976 2.453707
1.208217 0.439755
3.494911 3.174809
0.807329 1.571991
1.094109 1.082473
1.457386 2.400494
0.982084 2.764291
3.115977 2.273540
2.096613 2.422054
1.161404 2.228806
2.066547 3.135118
1.900055 1.917367
2.423373 0.717887
1.090375 0.838096
1.244855 1.611886
2.981619 2.464372
1.394222 2.042870
2.840370 2.917726
2.372828 2.470639
1.634659 1.544154
2.590072 1.369657
2.396754 2.671323
2.051507 1.571993
2.722410 3.176835
1.971941 2.254203
1.311264 2.261041
1.597426 3.192523
3.217648 2.143916
2.872104 inf
1.664696 1.147814
1.484030 1.220999
1.566921 1.997663
1.930922 1.937544
1.274485 1.232747
1.766552 1.935635
1.479139 1.192325
2.876918 1.196689
1.312769 1.858924
1.462572 1.674261
2.171399 1.629188
1.768735 0.969526
1.011668 2.550338
1.317677 1.459443
2.147530 2.817220
1.444904 0.419854
1.523201 2.663753
1.052076 1.572684
1.571692 inf
1.907551 1.773749
2.595444 2.526964
3.039414 2.542652
1.107811 2.046792
2.724588 2.706553
2.649592 1.525033
1.319217 1.983048
1.918117 3.107534
3.331587 1.816196
1.384192 2.186212
3.479939 2.204160
1.915536 1.549081
2.453685 3.242922
1.446209 0.909599
2.010057 1.195070
2.800869 3.345477
2.174420 1.520008
1.516459 1.696063
2.964270 2.819692
0.995164 1.013713
0.561461 3.142362
2.414968 3.000098
1.339840 2.810122
1.398725 1.250757
2.307461 2.115477
1.635108 1.525803
1.301385 1.297760
2.225029 2.471721
1.529991 2.641980
3.071283 2.864818
2.306537 1.420099
1.281896 0.994628
0.669970 0.834941
2.266111 2.189566
2.431463 2.003976
1.698041 1.842245
1.595288 1.169493
1.582062 1.741954
1.764589 1.411678
3.017740 1.635769
3.113597 1.835148
1.172919 3.118645
1.794029 1.270726
0.874868 1.694288
1.237776 1.589256
1.793518 2.357444
1.471988 3.264296
0.975680 2.905479
3.194358 1.933430
4.065009 1.237846
1.913008 1.301903
3.244766 2.063948
1.529379 2.265243
2.580984 2.680748
2.888522 1.713069
2.087734 1.935466
1.236722 1.123320
1.461101 1.668137
1.054464 1.949911
3.072853 0.896417
1.503985 2.491464
1.239231 2.062165
2.120220 3.069876
2.433016 1.655848
3.222904 3.101865
1.507809 2.053183
0.873731 1.374699
2.875578 3.086700
3.171641 1.517102
1.336517 2.210302
1.382560 2.883806
2.687343 2.953960
1.632167 1.047695
2.485901 3.301803
1.899102 0.385498
1.971816 1.897933
1.700289 2.321752
2.790856 2.767112
3.522874 1.577490
1.663959 2.954520
0.909758 2.073905
3.112901 2.461844
1.480975 1.204187
1.967391 2.520888
2.028237 3.356043
2.246427 1.866302
1.576562 2.127819
2.472299 2.170143
3.198844 3.323278
2.128236 2.509481
2.380139 3.214160
2.219168 3.425002
1.273378 1.016950
2.265612 2.855185
2.582774 1.615252
1.357325 2.705993
2.245295 3.978586
1.289532 1.441065
2.070723 2.503186
2.765061 1.561643
2.605223 2.272301
2.507533 1.809855
1.304991 0.995873
1.371071 0.917124
2.371405 1.747944
3.406120 1.243411
3.350204 1.308023
1.380416 1.051644
2.223704 0.708382
1.673613 0.455190
1.816196 1.161770
2.294885 2.645025
2.078131 1.866007
2.997996 3.637052
3.096239 1.557142
0.918094 1.475413
1.731159 1.776612
2.064153 0.902211
1.233269 2.285742
1.452548 1.362967
1.718679 1.513614
2.368596 2.591773
1.849589 2.097759
3.877917 2.678227
1.741648 1.043242
2.830714 2.725087
1.368327 0.980905
1.794902 2.808589
0.899681 1.051180
1.092375 2.919904
1.751892 2.031199
0.929858 1.213058
2.502987 1.919035
0.832109 0.688981
1.874049 1.566761
1.638224 3.095274
5.563656 2.811830
1.925647 2.092490
1.790402 1.330037
1.208386 3.220875
3.112726 1.451542
1.621264 1.719939
3.459346 2.202023
3.133521 3.482222
1.138350 3.169202
1.145819 1.041936
1.432460 2.017169
3.778441 3.076561
2.642877 3.291620
3.352544 1.800502
2.916018 1.410576
2.116704 2.019853
1.121292 3.243852
1.855981 1.886371
1.229775 1.162906
3.519108 2.076351
2.403590 2.814469
2.535364 0.646844
1.517783 1.746572
2.528531 2.308644
2.523907 1.711096
1.097719 1.048850
3.497673 1.616872
1.737796 2.395944
2.249622 2.335248
1.642979 2.557735
1.531613 1.691845
0.716743 1.925564
2.702722 2.719301
1.882849 3.915888
2.207033 1.208237
1.456044 3.151159
0.521725 0.239920
3.200167 1.604549
1.296163 1.524514
1.945314 2.854496
1.493513 4.104910
0.913380 1.389114
2.760383 3.350976
2.078060 3.349909
2.094221 1.541983
3.183998 3.423551
2.368487 1.743945
1.848307 0.988247
3.238594 0.773794
2.752545 1.596065
2.416392 2.349808
3.153542 3.518750
2.148601 2.336969
3.004498 2.425879
1.178543 2.188393
1.684844 1.089565
2.216747 2.217321
3.111450 2.995409
1.880993 1.597422
2.941600 0.854944
1.037700 2.633915
1.644026 2.964758
2.724258 2.955391
2.520242 1.916977
1.794652 1.606606
2.057910 1.876431
1.500220 2.233542
2.858568 0.442954
1.907600 1.010454
2.150932 1.524675
1.103621 1.399195
1.339209 2.239833
3.261394 2.466808
3.101601 1.649300
1.986400 2.085063
1.470855 1.965295
1.434652 2.883494
1.946821 1.900152
2.394080 2.509704
1.808254 1.222242
1.741736 1.586941
1.981586 1.548923
2.842146 1.814729
1.918234 2.281962
2.683798 2.244885
1.657038 4.061031
0.582915 0.629507
2.594780 1.680560
1.292357 3.125668
3.595903 3.071616
2.099476 3.449424
2.550112 2.560007
2.320104 2.003229
1.356568 1.709060
1.834315 1.291182
3.065017 1.570109
2.579967 3.107864
2.739778 3.714487
2.927634 1.335280
1.148626 2.047818
0.543465 0.603261
1.407519 1.593693
2.759017 2.461202
2.475272 1.932673
1.211154 1.714602
1.188127 2.844699
0.744773 1.214923
1.812383 1.034278
2.289490 1.583003
1.551874 1.860766
2.676351 1.582035
1.365970 2.028229
1.502705 1.674957
1.386466 0.982099
1.608902 2.637341
1.878235 1.520396
1.501731 2.601455
2.230165 1.366432
3.137781 1.683596
1.051820 1.206375
1.461574 1.739938
1.766116 1.949905
3.086074 2.081683
1.522568 0.931582
2.214566 1.238345
2.893326 2.215982
2.396425 1.863163
1.432441 2.851544
1.914373 1.302368
2.485692 inf
1.996694 1.683128
1.888574 2.135367
2.358204 1.927268
1.514888 1.672113
1.799312 1.335738
0.609448 0.084374
2.370996 1.703400
3.502759 2.250587
2.913939 2.789770
2.463053 1.405736
3.077689 2.767876
1.487646 2.490855
1.514399 1.340949
3.845601 1.334687
1.894037 1.974053
1.311429 1.121315
1.063978 1.986630
1.908550 0.520828
1.329188 1.517583
2.347773 3.077760
1.916561 3.030681
2.833311 2.331171
1.835714 2.883843
3.079187 2.755894
1.524751 1.534488
3.903916 3.291699
1.081079 1.377227
2.556482 2.366102
2.085943 0.635456
1.395940 3.019601
2.754370 1.672561
2.243461 1.216520
2.042109 2.650589
2.781458 3.648423
1.834844 1.593574
1.215706 1.568970
1.595689 1.078079
1.091930 3.647701
2.724910 3.475044
1.474210 1.059536
0.841918 2.814736
0.963922 3.096565
2.575147 2.445157
1.446190 2.037780
1.483739 2.853913
3.377139 2.066700
2.101287 1.057434
1.088344 1.176568
1.961001 1.910946
1.506297 1.418358
0.926409 1.186087
1.497761 2.644099
1.824073 1.447753
1.755455 1.713586
1.004832 0.964774
1.141177 1.121341
2.279526 1.962088
1.811541 2.374855
1.496333 1.665782
2.795221 3.592140
1.368282 1.132842
3.917354 2.931464
1.269762 1.938398
1.234817 1.268053
3.143086 3.294759
2.752855 2.541188
2.693134 1.732887
2.371115 2.868592
2.613760 2.527451
2.383699 1.381530
3.105093 1.926613
1.319901 1.889108
2.243496 1.669091
0.992237 1.077570
1.923124 2.248356
1.500361 2.902158
1.991868 0.320915
1.568101 0.866766
0.543881 1.835056
2.779634 0.484330
2.281680 2.471258
2.222429 1.911244
1.102674 0.997195
1.371721 1.838118
3.402074 1.546909
1.497206 1.673997
1.230866 2.671557
2.908341 2.719820
2.342096 2.824707
2.124888 2.232850
0.950607 2.205189
2.158670 1.415935
0.945342 2.705544
2.690027 2.671340
1.121783 0.714373
0.997429 1.186428
1.867558 2.034214
1.716049 1.825397
1.924176 2.547771
2.512480 2.303092
1.530456 1.887621
1.457676 2.374422
1.348086 0.859558
1.492119 2.282658
2.824548 2.686240
1.442940 2.419152
2.244728 2.612635
1.177616 1.519924
2.791568 2.979849
1.223464 1.116852
1.031976 2.922107
3.550542 3.216846
1.424200 3.945948
2.409938 3.066390
2.735134 2.495294
1.668487 1.344661
1.378118 2.894634
1.328946 1.166522
1.491697 1.782225
0.959592 1.268249
1.879099 0.654607
3.332637 1.670287
3.391746 1.567057
1.545343 3.076180
1.504208 1.143484
1.160540 1.242907
1.491376 1.843544
1.637240 0.593067
2.352809 2.235485
1.273385 1.405459
2.854175 2.746784
1.764755 1.548945
1.321866 1.668374
1.498214 0.860142
2.960332 1.572394
1.200516 1.168805
2.293267 3.279820
2.079183 2.201776
3.263196 2.815725
3.730290 1.315312
1.228352 1.927273
2.784964 2.790024
1.389518 0.972202
2.239471 2.988436
1.662820 1.910785
1.773705 1.509766
3.095407 2.742459
2.767096 1.238832
3.159043 2.222902
0.491375 2.290534
1.055819 2.529668
2.619332 2.144616
1.455528 2.065837
2.986275 2.935529
1.825618 3.273517
1.688215 2.328412
1.671335 1.469923
1.376026 1.343591
1.070905 1.007719
2.954658 1.351610
1.607805 2.595970
3.791467 2.368805
1.818787 2.657704
1.530555 2.621212
2.375703 2.602426
3.381159 1.367215
1.650803 1.621142
1.351598 1.586655
2.256153 3.835281
0.324237 inf
2.225253 2.188073
1.876947 1.717371
2.898360 2.481626
1.883427 2.016260
2.292180 1.489464
1.514367 0.949019
1.638152 0.440196
1.645023 2.807385
1.393390 2.950129
2.104833 2.905254
1.168701 1.748316
1.341015 2.275612
2.170507 2.103763
2.264489 2.134944
1.017734 1.177969
1.337978 1.685692
2.590471 1.985938
1.923760 1.891192
1.884655 1.716506
3.290165 2.482746
2.153476 1.440655
1.629976 2.428336
2.332524 2.260008
0.486738 0.485089
0.574593 2.332920
4.695016 2.424202
1.286189 1.014746
3.102173 1.901075
1.558153 1.930443
1.112874 1.201895
1.075839 2.724945
1.553881 3.471120
1.398358 1.763988
1.710594 2.279871
2.216063 2.780281
2.786067 2.944361
2.907567 1.656384
2.659603 2.626488
1.536104 2.983251
1.188812 4.432380
2.309057 1.915002
4.128163 2.906595
1.868993 1.305122
2.000252 1.534666
3.057532 1.639891
2.945342 0.918264
2.652607 2.659814
1.955521 2.807566
2.078319 1.944036
0.852342 1.592624
2.989079 3.270434
2.107395 1.606869
3.158700 2.292351
1.090410 1.281661
3.701848 3.382120
3.696110 0.385353
2.603973 inf
3.138636 0.755164
1.944717 1.890337
1.538831 1.560879
3.127810 3.238806
1.605800 1.205972
1.996049 2.366820
2.026577 1.379820
2.182823 1.942291
3.214511 2.259224
2.818184 2.262398
1.956223 3.703145
1.499278 1.965724
1.603086 2.520207
1.125291 2.652646
2.198284 2.315935
2.748496 1.026065
1.762306 1.979130
2.128551 2.188490
2.977680 2.997063
1.137192 1.045250
0.790218 2.779396
2.275780 2.353435
2.149960 2.852941
1.058805 3.466389
2.026479 1.484621
1.278913 1.590756
2.465980 1.462914
1.390271 1.424440
2.840372 0.898922
2.825089 2.454983
2.352211 1.270023
1.103208 0.994736
2.461332 2.120422
1.367330 1.979334
0.504916 0.121152
1.033312 0.891841
1.301362 1.205033
1.609511 2.187001
2.183293 3.066013
2.671746 1.426055
1.080603 0.414817
1.365308 2.625415
1.972324 2.931719
1.995533 2.408102
3.142100 2.440892
2.272810 2.922551
3.418549 1.911285
2.246937 1.746243
1.847223 1.922185
3.663496 0.101012
1.960012 1.928088
2.733622 2.186050
2.616598 2.901630
1.853831 2.084419
1.317021 2.385651
2.488976 2.501325
1.863162 1.418544
3.633178 2.416588
1.848801 2.173169
1.630508 2.214429
3.377529 0.463374
1.475187 1.897344
2.372949 3.338294
2.694027 2.691006
1.486562 3.753315
1.339945 1.286830
2.148341 2.004633
2.537573 4.671987
0.567710 1.685728
1.346237 0.751773
1.281405 1.327706
1.556328 0.759912
2.308544 2.728083
1.172219 1.550532
2.639754 2.587777
1.943677 2.843738
1.702274 1.223249
1.205668 1.456106
1.083764 2.997045
2.198343 2.765981
0.971536 1.399112
2.956454 2.732963
1.046068 2.888987
1.251627 1.149025
2.622028 1.779162
3.099390 2.979036
1.081883 4.132329
1.884112 1.735041
2.658282 2.278491
3.047241 2.254421
1.755940 2.453672
1.603504 1.275964
1.451539 1.275473
1.119732 2.002867
2.110818 2.772874
1.619566 1.223929
1.941169 1.135472
1.358354 1.778274
2.418266 2.093265
1.739970 1.341788
3.005070 2.790500
2.098877 1.902589
1.812933 2.920262
2.836854 2.511685
1.685137 2.410157
1.845808 2.561971
1.912415 1.926217
1.876185 1.266115
2.057728 1.861425
2.126532 1.599883
1.004517 2.342523
3.952817 2.681593
1.058282 1.127948
1.902147 1.687782
1.404752 1.569044
3.158866 1.646840
2.423132 2.387797
1.318857 2.323195
1.975746 1.833796
2.598243 2.110096
1.540670 1.447725
1.556530 2.802593
1.289661 1.290785
1.966364 4.678332
2.956198 2.012929
0.903369 1.724566
2.519616 0.982049
1.838711 3.090210
1.148645 1.616222
2.934279 2.499166
1.018342 2.682763
1.029653 1.492717
1.983908 1.757479
1.090911 1.186586
1.508215 1.744405
1.554197 1.678938
1.664404 2.291488
2.226363 2.958964
2.124422 2.948368
1.787134 1.602762
3.123775 inf
1.303783 1.893423
1.696712 1.563673
1.981298 2.516902
2.323012 3.278815
2.479810 2.304806
0.631699 2.182036
0.746974 1.754831
1.374809 1.811300
3.121933 1.448421
1.958236 2.368274
3.447246 1.790815
3.887140 1.986510
1.166655 2.430099
1.467771 1.998129
1.835752 1.878332
1.478596 2.086476
1.241749 1.286326
2.132524 2.455949
1.633552 2.443108
1.503975 2.554200
1.313530 1.644305
3.021917 1.036620
3.097090 1.649798
1.342256 2.499779
3.859882 3.014242
1.382067 0.990001
1.194653 0.932039
2.524347 1.689178
1.311035 1.603509
2.687839 2.495015
2.545600 0.987690
1.985000 1.823954
1.655297 2.396984
3.154739 3.877614
1.741987 1.626202
2.572217 2.141505
1.684713 1.252501
0.851052 3.363262
1.520313 2.000630
2.235940 1.699513
2.564312 2.077013
1.764112 2.326891
2.072765 2.222840
2.553954 1.009238
2.534027 1.154500
1.650731 3.422384
0.459574 0.323536
1.704045 2.880347
1.810850 2.965005
2.428097 1.822013
1.113141 1.812950
1.398639 1.068611
3.808954 2.125249
1.750826 2.876154
2.320068 0.934794
2.337524 1.328351
2.270063 4.343939
2.347880 1.252142
2.890786 2.322130
2.449369 1.752200
1.535460 1.828374
2.968795 1.902013
1.080694 0.998211
1.223603 1.099710
2.346669 1.107426
0.822081 2.420612
3.068308 2.847441
1.468614 1.586444
2.411930 1.563977
1.609168 1.588521
2.686494 2.673131
1.470225 1.327972
3.461937 2.661947
0.925134 1.152440
1.362221 1.494231
2.293797 2.636497
2.377205 4.145421
2.221014 1.215669
2.061523 2.959230
1.865876 1.999025
1.882441 2.790405
2.165065 1.361583
1.097567 1.249463
1.696103 1.320909
1.710719 1.271604
2.311794 2.539286
0.914892 1.080665
1.782689 2.012302
1.040748 3.109476
1.244707 1.277580
1.682019 1.331758
2.413986 2.250325
1.978167 2.492687
2.717577 2.662284
3.518730 2.553416
1.002623 1.303845
4.289681 2.085222
1.740319 2.326273
2.792656 0.549837
2.356534 2.158455
1.459129 1.482287
1.352287 1.860585
1.223451 2.168782
1.328457 1.842662
1.961067 2.692065
1.176178 1.127723
0.923383 1.380321
2.673905 2.987844
1.467368 2.206268
1.634231 1.604997
2.214058 2.714984
2.203779 1.964665
1.486240 2.068410
1.180399 1.017222
1.151119 2.008931
2.695438 2.018603
3.068733 4.083276
2.461062 1.833248
2.275912 1.468334
2.165761 0.875659
3.871465 2.249093
3.098736 1.469834
1.921617 2.214915
2.295428 3.123200
2.203457 2.263768
3.498800 2.340719
2.893528 1.644212
3.073577 2.426153
2.126270 1.599134
2.932960 0.913898
1.363677 1.065880
2.913278 1.268654
2.241919 2.735156
1.535050 3.039509
2.100513 3.075520
2.076764 4.128582
2.652955 3.500162
1.449098 1.188746
1.479505 1.333942
1.458262 3.195660
2.214219 2.687727
2.294411 2.389248
1.949718 2.052543
1.716083 1.787922
1.915785 1.091256
2.140640 3.387908
1.213243 2.645758
2.562486 2.846584
4.317536 1.264974
3.625007 2.814418
1.975834 2.704711
4.037258 1.861336
2.072760 2.058523
1.280075 1.378007
1.754191 1.664073
2.061630 1.380606
1.028563 3.159909
1.690191 1.439995
2.935095 1.451852
2.058767 1.478993
2.381429 3.308413
0.993728 2.704317
1.514695 1.223604
1.594326 1.331459
3.505892 0.913855
2.116997 1.419844
2.030147 2.985279
1.266396 3.776503
3.354828 2.968820
2.887922 1.241921
2.498944 2.594301
1.360663 2.265157
2.052563 1.154737
1.241782 1.795807
2.512229 0.981161
0.849674 0.248056
1.483971 2.669158
2.046201 1.093448
2.430106 2.552932
3.141512 1.405912
1.873361 1.943853
1.969101 2.103786
1.211861 1.022121
1.252298 2.744257
1.425632 2.759372
0.344537 4.234070
2.785331 2.118615
2.876508 2.356389
1.445076 0.443048
1.652724 2.502973
1.213130 1.175877
0.835336 1.225564
1.102363 1.861797
2.065335 1.918904
1.511851 1.076352
1.826794 2.557775
2.454385 inf
1.761924 1.439505
1.939474 0.894282
1.861572 1.727067
2.046312 2.653589
3.598506 1.961632
1.039453 1.646316
1.823204 3.499154
1.849575 0.688661
2.393310 1.680475
2.826656 2.319646
2.462483 1.424763
1.058736 1.178790
1.619684 2.402237
3.446556 0.452486
2.720979 1.314959
2.092840 2.277915
2.724403 2.595616
1.512690 2.813395
2.182517 2.142665
1.329301 2.366260
1.745600 1.527175
0.921310 2.012581
2.227005 1.531503
1.701489 1.441830
2.552672 2.108796
0.734400 2.276021
1.708190 1.928786
2.155459 3.285460
3.351562 1.869573
1.873542 2.288027
3.168536 3.329581
3.128856 1.405206
3.623924 2.772320
1.840022 1.949892
2.233277 1.750703
1.523909 2.117002
2.126489 1.411814
1.434876 1.662480
3.091774 1.046005
0.632173 2.120734
1.956991 2.187107
2.021774 3.068239
1.472116 2.324275
1.435385 1.405786
2.147378 2.320886
1.400903 2.634205
2.507647 1.012705
0.951456 1.529269
1.172207 1.196551
1.137691 1.478872
3.193044 1.947415
1.511147 0.840294
1.423299 3.069736
3.258280 1.909296
4.061550 3.557421
1.886016 3.099119
2.379593 0.732214
1.179166 1.253691
2.840492 3.241891
2.725215 2.570801
1.897981 1.395638
2.848012 1.366278
1.028300 3.081389
0.822981 1.299451
1.205377 2.486823
4.681125 1.877869
2.007444 2.616094
1.327667 1.577370
1.838851 1.964707
2.305817 1.644607
2.485702 2.959609
1.088563 3.539049
1.403935 1.603589
2.014692 2.322860
1.793442 2.138968
1.281611 2.232450
1.436593 3.694848
1.994471 1.782204
1.564438 2.424256
1.450490 1.363930
1.870178 2.406591
3.314838 2.060203
1.923398 1.427612
2.856944 1.911480
2.148399 2.916252
2.443893 2.221303
1.426487 3.409128
2.210128 1.876171
1.905277 2.441399
2.138805 1.583706
1.243971 1.505762
1.463349 1.150576
1.600521 1.461983
4.051217 2.571022
1.440886 0.881964
1.019035 0.977499
3.306836 3.079737
2.100857 2.927006
1.826093 1.558158
2.509849 2.284973
2.688689 2.367056
4.490908 2.317244
3.090742 1.794762
1.365888 1.021851
2.166591 1.759730
3.217028 2.098828
2.780655 2.052241
2.094474 1.960611
1.276855 1.743862
2.191894 1.895957
1.638277 1.936732
2.886304 2.714596
2.542761 2.178202
2.169641 2.008410
2.345881 3.228621
2.478608 1.857464
2.229888 2.093137
3.996883 1.419250
2.709733 1.624736
2.390048 2.171361
0.918201 1.877832
2.813380 1.513483
1.181408 1.240840
1.931849 2.186748
2.742885 2.375715
1.255700 0.293222
1.440199 1.857225
1.346401 1.651296
1.535277 1.153341
1.144959 2.331592
1.384858 2.011748
1.121960 2.869960
1.362332 2.302029
0.985001 0.536479
2.068066 1.499892
1.396174 1.118531
2.199449 2.570705
2.234394 1.865298
2.108719 1.736941
3.246067 1.312899
1.555070 1.886568
1.503990 1.995147
1.246121 3.237085
1.796145 1.412911
1.177601 2.217030
2.146712 0.862197
1.479473 0.948829
0.491476 3.148994
1.455522 3.316566
2.347068 1.304415
1.749766 1.963783
1.754325 2.126004
3.165044 1.868815
1.432533 2.929739
1.221053 2.662015
2.494739 3.866331
1.624161 1.357454
2.289461 3.304102
1.553384 1.076938
1.625264 1.326290
2.597612 3.208942
1.512466 2.746442
1.849133 0.138438
2.723820 1.677800
1.909390 2.100738
1.395259 2.400060
3.576518 1.737288
3.148432 2.117666
1.961669 3.170399
2.314554 3.241776
2.503939 1.048598
2.973541 2.279239
3.131325 2.199812
1.736459 1.525638
2.326800 1.652543
1.324953 0.706385
1.469257 2.347100
2.453632 2.737482
2.161001 2.957539
1.445191 0.797689
1.446882 3.209671
2.306043 2.346047
2.842962 0.950075
2.008079 0.322118
1.079379 1.706628
1.149073 1.296732
2.395009 2.052817
1.050112 1.197186
1.945781 3.836150
2.008615 1.807424
2.675893 1.354263
1.514069 1.503421
2.110285 2.021530
1.492429 1.840824
1.526630 0.733316
2.932123 0.573535
2.145880 2.371799
2.024358 3.448868
2.835837 2.644160
1.843510 1.685597
1.706052 1.113963
1.606889 1.728519
2.383508 1.687121
2.514166 3.016101
1.351901 0.749382
3.322822 1.458766
0.598396 2.713818
1.882154 1.735745
2.381177 1.170622
1.981054 2.641767
2.468399 2.601333
0.888957 0.999683
1.388414 1.515251
1.663833 3.100133
1.382664 2.166856
1.684439 3.756693
1.863742 2.754937
1.475483 2.346584
2.110301 2.304851
3.353621 1.869633
2.087548 2.559261
3.193838 4.219131
1.312768 1.552808
2.998353 1.275380
2.210820 2.715900
1.193019 1.269131
1.466909 1.909009
2.243054 3.314000
1.443910 2.596614
1.027680 1.011185
2.249461 2.542256
2.340266 1.588290
2.064559 1.178088
3.419907 1.887489
2.478405 2.696143
1.837360 2.700281
1.683848 1.270428
1.619720 1.636315
1.659168 2.727977
2.038773 3.018323
2.748993 3.778850
3.014222 2.289844
0.444481 1.145517
2.029991 1.392003
5.619671 2.222008
2.177320 3.583194
2.001981 2.808080
1.402620 1.160753
1.512085 1.137915
3.111728 1.990570
2.079476 2.364632
1.178462 1.350781
1.580690 2.154717
3.035253 1.996622
1.515283 1.501756
1.694996 1.605998
3.477961 2.564795
3.177059 2.676250
3.082735 3.017634
3.332495 1.329096
1.693489 1.399437
1.635090 1.355581
2.379107 2.327688
1.634990 1.348494
1.552436 1.462921
1.102050 2.413391
1.389587 1.523641
2.341388 2.002662
3.154164 1.777125
1.948267 2.924306
2.282546 1.960123
1.222316 2.137079
1.052393 3.128309
2.904755 2.428356
1.163918 3.819784
1.216870 1.866819
1.784496 3.156493
1.281033 1.408514
1.217258 2.760880
2.651867 1.732942
3.093397 2.292091
2.296374 0.745627
0.896833 1.073057
2.369186 1.912166
1.313737 2.642168
1.471461 2.455504
2.305709 2.414205
1.870389 1.586618
1.908346 2.973307
3.107803 3.303725
2.455111 1.162591
0.755193 1.895180
2.229152 1.818564
1.948712 inf
3.046994 1.557434
1.548393 2.116453
1.475927 1.427748
2.748373 2.907217
2.684088 1.027539
2.266008 2.718431
2.379474 2.230580
3.538639 1.803478
0.479881 1.698527
1.944948 0.914977
2.705440 3.986376
1.696677 2.420382
1.779379 1.721323
1.281103 2.561014
3.968546 1.855684
1.048811 1.003005
2.290591 1.861200
1.382425 1.270774
2.714222 0.851589
1.698615 3.142055
1.655408 2.229937
2.720743 1.867775
0.580172 2.203185
3.158247 1.519447
3.244369 0.048250
1.840390 4.136029
2.629275 2.763352
2.534988 2.677796
1.567280 2.368341
1.915027 2.251418
1.783852 1.141613
1.142323 2.321470
1.026580 2.239941
3.209310 2.680976
1.171315 2.876091
0.890366 0.298035
1.477753 2.008595
1.811411 0.879636
2.365065 3.021855
1.155971 3.153489
3.099962 3.144257
2.283759 3.676605
1.074706 1.417876
2.382642 1.784404
1.617637 1.484434
2.127220 1.813257
0.953246 1.763070
1.685384 1.728972
2.211946 1.837976
2.608017 1.643431
1.813387 2.921749
1.427134 3.146956
1.281899 3.339804
1.073025 1.715652
2.941147 1.882390
1.767153 3.118418
1.346587 1.490802
1.695125 1.643009
2.514546 2.427055
2.974382 3.017370
3.549955 1.659308
2.040117 1.049896
0.957852 1.507647
2.217373 1.752498
2.771956 3.845594
1.757840 1.563549
1.930531 2.523835
1.882182 1.792267
3.072361 2.235959
2.648535 1.370524
1.211868 2.409880
1.465115 4.013100
1.278354 1.114117
2.240903 2.864333
2.630956 3.058661
2.204066 3.622108
1.699771 1.014690
0.926686 2.898178
2.530875 2.879742
2.941416 1.874765
2.772336 2.515270
1.359055 1.366570
2.867734 3.137753
1.217697 0.979796
1.311946 2.893586
1.824873 2.963502
3.034336 3.027531
2.082488 3.084292
1.841165 0.954626
1.349119 1.139536
0.424804 2.836060
1.855022 1.817345
1.689285 2.513167
1.354600 1.497787
1.872695 1.087223
3.493165 3.354778
2.367872 1.437040
2.266194 2.508807
1.714892 1.102911
0.547916 2.643919
2.057499 0.812880
2.214638 0.972855
1.035673 1.139151
3.159747 3.104387
2.704394 2.818226
1.720862 1.231942
1.739516 1.735971
3.241205 1.936562
2.028915 1.675696
1.195173 1.035748
1.719401 1.329123
1.856533 1.313447
1.189626 1.976549
2.659273 2.673570
0.435787 1.214143
2.718303 1.360678
2.193595 1.881394
3.339363 1.776816
1.430599 1.083063
2.751733 2.680497
0.824465 3.277099
2.409021 0.983069
1.283197 3.193767
2.207520 inf
2.219503 2.210725
